"Zonnestroom; vermogen en vermogensklasse, bedrijven en woningen, regio"
"Sector en vermogensklasse: Alle economische activiteit en woningen"
"";"";"";"Perioden"
"Regio's";"Onderwerp";"";"2024 eerste helft*"
"Aa en Hunze";"Installaties";"aantal";"6868"
"Aa en Hunze";"Opgesteld vermogen van zonnepanelen";"kWp";"47836"
"Aa en Hunze";"Opgesteld vermogen omvormers";"kW";"44977"
"Aa en Hunze";"Productie van zonnestroom";"mln kWh";"."
"Aalsmeer";"Installaties";"aantal";"5933"
"Aalsmeer";"Opgesteld vermogen van zonnepanelen";"kWp";"62944"
"Aalsmeer";"Opgesteld vermogen omvormers";"kW";"52009"
"Aalsmeer";"Productie van zonnestroom";"mln kWh";"."
"Aalten";"Installaties";"aantal";"5479"
"Aalten";"Opgesteld vermogen van zonnepanelen";"kWp";"53466"
"Aalten";"Opgesteld vermogen omvormers";"kW";"46421"
"Aalten";"Productie van zonnestroom";"mln kWh";"."
"Achtkarspelen";"Installaties";"aantal";"5542"
"Achtkarspelen";"Opgesteld vermogen van zonnepanelen";"kWp";"50775"
"Achtkarspelen";"Opgesteld vermogen omvormers";"kW";"44958"
"Achtkarspelen";"Productie van zonnestroom";"mln kWh";"."
"Alblasserdam";"Installaties";"aantal";"2650"
"Alblasserdam";"Opgesteld vermogen van zonnepanelen";"kWp";"23791"
"Alblasserdam";"Opgesteld vermogen omvormers";"kW";"20308"
"Alblasserdam";"Productie van zonnestroom";"mln kWh";"."
"Albrandswaard";"Installaties";"aantal";"4879"
"Albrandswaard";"Opgesteld vermogen van zonnepanelen";"kWp";"27903"
"Albrandswaard";"Opgesteld vermogen omvormers";"kW";"23766"
"Albrandswaard";"Productie van zonnestroom";"mln kWh";"."
"Alkmaar";"Installaties";"aantal";"18947"
"Alkmaar";"Opgesteld vermogen van zonnepanelen";"kWp";"101879"
"Alkmaar";"Opgesteld vermogen omvormers";"kW";"92532"
"Alkmaar";"Productie van zonnestroom";"mln kWh";"."
"Almelo";"Installaties";"aantal";"12224"
"Almelo";"Opgesteld vermogen van zonnepanelen";"kWp";"180318"
"Almelo";"Opgesteld vermogen omvormers";"kW";"143901"
"Almelo";"Productie van zonnestroom";"mln kWh";"."
"Almere";"Installaties";"aantal";"33293"
"Almere";"Opgesteld vermogen van zonnepanelen";"kWp";"231583"
"Almere";"Opgesteld vermogen omvormers";"kW";"210610"
"Almere";"Productie van zonnestroom";"mln kWh";"."
"Alphen aan den Rijn";"Installaties";"aantal";"20197"
"Alphen aan den Rijn";"Opgesteld vermogen van zonnepanelen";"kWp";"119506"
"Alphen aan den Rijn";"Opgesteld vermogen omvormers";"kW";"107180"
"Alphen aan den Rijn";"Productie van zonnestroom";"mln kWh";"."
"Alphen-Chaam";"Installaties";"aantal";"2092"
"Alphen-Chaam";"Opgesteld vermogen van zonnepanelen";"kWp";"23295"
"Alphen-Chaam";"Opgesteld vermogen omvormers";"kW";"20538"
"Alphen-Chaam";"Productie van zonnestroom";"mln kWh";"."
"Altena";"Installaties";"aantal";"10844"
"Altena";"Opgesteld vermogen van zonnepanelen";"kWp";"94230"
"Altena";"Opgesteld vermogen omvormers";"kW";"82448"
"Altena";"Productie van zonnestroom";"mln kWh";"."
"Ameland";"Installaties";"aantal";"989"
"Ameland";"Opgesteld vermogen van zonnepanelen";"kWp";"12159"
"Ameland";"Opgesteld vermogen omvormers";"kW";"11617"
"Ameland";"Productie van zonnestroom";"mln kWh";"."
"Amersfoort";"Installaties";"aantal";"29554"
"Amersfoort";"Opgesteld vermogen van zonnepanelen";"kWp";"144609"
"Amersfoort";"Opgesteld vermogen omvormers";"kW";"127081"
"Amersfoort";"Productie van zonnestroom";"mln kWh";"."
"Amstelveen";"Installaties";"aantal";"10042"
"Amstelveen";"Opgesteld vermogen van zonnepanelen";"kWp";"53079"
"Amstelveen";"Opgesteld vermogen omvormers";"kW";"48323"
"Amstelveen";"Productie van zonnestroom";"mln kWh";"."
"Amsterdam";"Installaties";"aantal";"46241"
"Amsterdam";"Opgesteld vermogen van zonnepanelen";"kWp";"289163"
"Amsterdam";"Opgesteld vermogen omvormers";"kW";"254007"
"Amsterdam";"Productie van zonnestroom";"mln kWh";"."
"Apeldoorn";"Installaties";"aantal";"32892"
"Apeldoorn";"Opgesteld vermogen van zonnepanelen";"kWp";"231154"
"Apeldoorn";"Opgesteld vermogen omvormers";"kW";"197000"
"Apeldoorn";"Productie van zonnestroom";"mln kWh";"."
"Appingedam";"Installaties";"aantal";""
"Appingedam";"Opgesteld vermogen van zonnepanelen";"kWp";""
"Appingedam";"Opgesteld vermogen omvormers";"kW";""
"Appingedam";"Productie van zonnestroom";"mln kWh";""
"Arnhem";"Installaties";"aantal";"19820"
"Arnhem";"Opgesteld vermogen van zonnepanelen";"kWp";"118206"
"Arnhem";"Opgesteld vermogen omvormers";"kW";"108689"
"Arnhem";"Productie van zonnestroom";"mln kWh";"."
"Assen";"Installaties";"aantal";"14931"
"Assen";"Opgesteld vermogen van zonnepanelen";"kWp";"83721"
"Assen";"Opgesteld vermogen omvormers";"kW";"75867"
"Assen";"Productie van zonnestroom";"mln kWh";"."
"Asten";"Installaties";"aantal";"3735"
"Asten";"Opgesteld vermogen van zonnepanelen";"kWp";"47830"
"Asten";"Opgesteld vermogen omvormers";"kW";"42873"
"Asten";"Productie van zonnestroom";"mln kWh";"."
"Baarle-Nassau";"Installaties";"aantal";"1313"
"Baarle-Nassau";"Opgesteld vermogen van zonnepanelen";"kWp";"22107"
"Baarle-Nassau";"Opgesteld vermogen omvormers";"kW";"19068"
"Baarle-Nassau";"Productie van zonnestroom";"mln kWh";"."
"Baarn";"Installaties";"aantal";"4081"
"Baarn";"Opgesteld vermogen van zonnepanelen";"kWp";"17631"
"Baarn";"Opgesteld vermogen omvormers";"kW";"16162"
"Baarn";"Productie van zonnestroom";"mln kWh";"."
"Barendrecht";"Installaties";"aantal";"9153"
"Barendrecht";"Opgesteld vermogen van zonnepanelen";"kWp";"54506"
"Barendrecht";"Opgesteld vermogen omvormers";"kW";"47780"
"Barendrecht";"Productie van zonnestroom";"mln kWh";"."
"Barneveld";"Installaties";"aantal";"11611"
"Barneveld";"Opgesteld vermogen van zonnepanelen";"kWp";"150249"
"Barneveld";"Opgesteld vermogen omvormers";"kW";"128150"
"Barneveld";"Productie van zonnestroom";"mln kWh";"."
"Beek (L.)";"Installaties";"aantal";"3897"
"Beek (L.)";"Opgesteld vermogen van zonnepanelen";"kWp";"22232"
"Beek (L.)";"Opgesteld vermogen omvormers";"kW";"20488"
"Beek (L.)";"Productie van zonnestroom";"mln kWh";"."
"Beekdaelen";"Installaties";"aantal";"8639"
"Beekdaelen";"Opgesteld vermogen van zonnepanelen";"kWp";"51285"
"Beekdaelen";"Opgesteld vermogen omvormers";"kW";"46971"
"Beekdaelen";"Productie van zonnestroom";"mln kWh";"."
"Beemster";"Installaties";"aantal";""
"Beemster";"Opgesteld vermogen van zonnepanelen";"kWp";""
"Beemster";"Opgesteld vermogen omvormers";"kW";""
"Beemster";"Productie van zonnestroom";"mln kWh";""
"Beesel";"Installaties";"aantal";"3260"
"Beesel";"Opgesteld vermogen van zonnepanelen";"kWp";"34910"
"Beesel";"Opgesteld vermogen omvormers";"kW";"29641"
"Beesel";"Productie van zonnestroom";"mln kWh";"."
"Berg en Dal";"Installaties";"aantal";"7375"
"Berg en Dal";"Opgesteld vermogen van zonnepanelen";"kWp";"38952"
"Berg en Dal";"Opgesteld vermogen omvormers";"kW";"35453"
"Berg en Dal";"Productie van zonnestroom";"mln kWh";"."
"Bergeijk";"Installaties";"aantal";"4241"
"Bergeijk";"Opgesteld vermogen van zonnepanelen";"kWp";"43254"
"Bergeijk";"Opgesteld vermogen omvormers";"kW";"38903"
"Bergeijk";"Productie van zonnestroom";"mln kWh";"."
"Bergen (L.)";"Installaties";"aantal";"3417"
"Bergen (L.)";"Opgesteld vermogen van zonnepanelen";"kWp";"24036"
"Bergen (L.)";"Opgesteld vermogen omvormers";"kW";"21706"
"Bergen (L.)";"Productie van zonnestroom";"mln kWh";"."
"Bergen (NH.)";"Installaties";"aantal";"7547"
"Bergen (NH.)";"Opgesteld vermogen van zonnepanelen";"kWp";"37104"
"Bergen (NH.)";"Opgesteld vermogen omvormers";"kW";"34509"
"Bergen (NH.)";"Productie van zonnestroom";"mln kWh";"."
"Bergen op Zoom";"Installaties";"aantal";"12655"
"Bergen op Zoom";"Opgesteld vermogen van zonnepanelen";"kWp";"80468"
"Bergen op Zoom";"Opgesteld vermogen omvormers";"kW";"70147"
"Bergen op Zoom";"Productie van zonnestroom";"mln kWh";"."
"Berkelland";"Installaties";"aantal";"9670"
"Berkelland";"Opgesteld vermogen van zonnepanelen";"kWp";"172558"
"Berkelland";"Opgesteld vermogen omvormers";"kW";"138135"
"Berkelland";"Productie van zonnestroom";"mln kWh";"."
"Bernheze";"Installaties";"aantal";"7511"
"Bernheze";"Opgesteld vermogen van zonnepanelen";"kWp";"74443"
"Bernheze";"Opgesteld vermogen omvormers";"kW";"66084"
"Bernheze";"Productie van zonnestroom";"mln kWh";"."
"Best";"Installaties";"aantal";"6944"
"Best";"Opgesteld vermogen van zonnepanelen";"kWp";"55445"
"Best";"Opgesteld vermogen omvormers";"kW";"48453"
"Best";"Productie van zonnestroom";"mln kWh";"."
"Beuningen";"Installaties";"aantal";"5602"
"Beuningen";"Opgesteld vermogen van zonnepanelen";"kWp";"84942"
"Beuningen";"Opgesteld vermogen omvormers";"kW";"65413"
"Beuningen";"Productie van zonnestroom";"mln kWh";"."
"Beverwijk";"Installaties";"aantal";"5883"
"Beverwijk";"Opgesteld vermogen van zonnepanelen";"kWp";"26310"
"Beverwijk";"Opgesteld vermogen omvormers";"kW";"24146"
"Beverwijk";"Productie van zonnestroom";"mln kWh";"."
"De Bilt";"Installaties";"aantal";"5966"
"De Bilt";"Opgesteld vermogen van zonnepanelen";"kWp";"32798"
"De Bilt";"Opgesteld vermogen omvormers";"kW";"29553"
"De Bilt";"Productie van zonnestroom";"mln kWh";"."
"Bladel";"Installaties";"aantal";"4457"
"Bladel";"Opgesteld vermogen van zonnepanelen";"kWp";"50963"
"Bladel";"Opgesteld vermogen omvormers";"kW";"43038"
"Bladel";"Productie van zonnestroom";"mln kWh";"."
"Blaricum";"Installaties";"aantal";"1910"
"Blaricum";"Opgesteld vermogen van zonnepanelen";"kWp";"8854"
"Blaricum";"Opgesteld vermogen omvormers";"kW";"7985"
"Blaricum";"Productie van zonnestroom";"mln kWh";"."
"Bloemendaal";"Installaties";"aantal";"3047"
"Bloemendaal";"Opgesteld vermogen van zonnepanelen";"kWp";"15968"
"Bloemendaal";"Opgesteld vermogen omvormers";"kW";"13977"
"Bloemendaal";"Productie van zonnestroom";"mln kWh";"."
"Bodegraven-Reeuwijk";"Installaties";"aantal";"7705"
"Bodegraven-Reeuwijk";"Opgesteld vermogen van zonnepanelen";"kWp";"97954"
"Bodegraven-Reeuwijk";"Opgesteld vermogen omvormers";"kW";"88449"
"Bodegraven-Reeuwijk";"Productie van zonnestroom";"mln kWh";"."
"Boekel";"Installaties";"aantal";"2570"
"Boekel";"Opgesteld vermogen van zonnepanelen";"kWp";"41674"
"Boekel";"Opgesteld vermogen omvormers";"kW";"34122"
"Boekel";"Productie van zonnestroom";"mln kWh";"."
"Borger-Odoorn";"Installaties";"aantal";"6902"
"Borger-Odoorn";"Opgesteld vermogen van zonnepanelen";"kWp";"336719"
"Borger-Odoorn";"Opgesteld vermogen omvormers";"kW";"313106"
"Borger-Odoorn";"Productie van zonnestroom";"mln kWh";"."
"Borne";"Installaties";"aantal";"5594"
"Borne";"Opgesteld vermogen van zonnepanelen";"kWp";"30237"
"Borne";"Opgesteld vermogen omvormers";"kW";"27895"
"Borne";"Productie van zonnestroom";"mln kWh";"."
"Borsele";"Installaties";"aantal";"6537"
"Borsele";"Opgesteld vermogen van zonnepanelen";"kWp";"129728"
"Borsele";"Opgesteld vermogen omvormers";"kW";"102880"
"Borsele";"Productie van zonnestroom";"mln kWh";"."
"Boxmeer";"Installaties";"aantal";""
"Boxmeer";"Opgesteld vermogen van zonnepanelen";"kWp";""
"Boxmeer";"Opgesteld vermogen omvormers";"kW";""
"Boxmeer";"Productie van zonnestroom";"mln kWh";""
"Boxtel";"Installaties";"aantal";"6709"
"Boxtel";"Opgesteld vermogen van zonnepanelen";"kWp";"45064"
"Boxtel";"Opgesteld vermogen omvormers";"kW";"41132"
"Boxtel";"Productie van zonnestroom";"mln kWh";"."
"Breda";"Installaties";"aantal";"23404"
"Breda";"Opgesteld vermogen van zonnepanelen";"kWp";"189565"
"Breda";"Opgesteld vermogen omvormers";"kW";"159545"
"Breda";"Productie van zonnestroom";"mln kWh";"."
"Brielle";"Installaties";"aantal";""
"Brielle";"Opgesteld vermogen van zonnepanelen";"kWp";""
"Brielle";"Opgesteld vermogen omvormers";"kW";""
"Brielle";"Productie van zonnestroom";"mln kWh";""
"Bronckhorst";"Installaties";"aantal";"8088"
"Bronckhorst";"Opgesteld vermogen van zonnepanelen";"kWp";"72551"
"Bronckhorst";"Opgesteld vermogen omvormers";"kW";"64344"
"Bronckhorst";"Productie van zonnestroom";"mln kWh";"."
"Brummen";"Installaties";"aantal";"5380"
"Brummen";"Opgesteld vermogen van zonnepanelen";"kWp";"43931"
"Brummen";"Opgesteld vermogen omvormers";"kW";"38806"
"Brummen";"Productie van zonnestroom";"mln kWh";"."
"Brunssum";"Installaties";"aantal";"4644"
"Brunssum";"Opgesteld vermogen van zonnepanelen";"kWp";"21033"
"Brunssum";"Opgesteld vermogen omvormers";"kW";"19851"
"Brunssum";"Productie van zonnestroom";"mln kWh";"."
"Bunnik";"Installaties";"aantal";"3683"
"Bunnik";"Opgesteld vermogen van zonnepanelen";"kWp";"47436"
"Bunnik";"Opgesteld vermogen omvormers";"kW";"39227"
"Bunnik";"Productie van zonnestroom";"mln kWh";"."
"Bunschoten";"Installaties";"aantal";"3999"
"Bunschoten";"Opgesteld vermogen van zonnepanelen";"kWp";"36890"
"Bunschoten";"Opgesteld vermogen omvormers";"kW";"30747"
"Bunschoten";"Productie van zonnestroom";"mln kWh";"."
"Buren";"Installaties";"aantal";"6322"
"Buren";"Opgesteld vermogen van zonnepanelen";"kWp";"52813"
"Buren";"Opgesteld vermogen omvormers";"kW";"47178"
"Buren";"Productie van zonnestroom";"mln kWh";"."
"Capelle aan den IJssel";"Installaties";"aantal";"6713"
"Capelle aan den IJssel";"Opgesteld vermogen van zonnepanelen";"kWp";"32103"
"Capelle aan den IJssel";"Opgesteld vermogen omvormers";"kW";"28771"
"Capelle aan den IJssel";"Productie van zonnestroom";"mln kWh";"."
"Castricum";"Installaties";"aantal";"9063"
"Castricum";"Opgesteld vermogen van zonnepanelen";"kWp";"35101"
"Castricum";"Opgesteld vermogen omvormers";"kW";"33073"
"Castricum";"Productie van zonnestroom";"mln kWh";"."
"Coevorden";"Installaties";"aantal";"9340"
"Coevorden";"Opgesteld vermogen van zonnepanelen";"kWp";"233276"
"Coevorden";"Opgesteld vermogen omvormers";"kW";"194069"
"Coevorden";"Productie van zonnestroom";"mln kWh";"."
"Cranendonck";"Installaties";"aantal";"4909"
"Cranendonck";"Opgesteld vermogen van zonnepanelen";"kWp";"86730"
"Cranendonck";"Opgesteld vermogen omvormers";"kW";"71087"
"Cranendonck";"Productie van zonnestroom";"mln kWh";"."
"Cuijk";"Installaties";"aantal";""
"Cuijk";"Opgesteld vermogen van zonnepanelen";"kWp";""
"Cuijk";"Opgesteld vermogen omvormers";"kW";""
"Cuijk";"Productie van zonnestroom";"mln kWh";""
"Culemborg";"Installaties";"aantal";"6082"
"Culemborg";"Opgesteld vermogen van zonnepanelen";"kWp";"32980"
"Culemborg";"Opgesteld vermogen omvormers";"kW";"29507"
"Culemborg";"Productie van zonnestroom";"mln kWh";"."
"Dalfsen";"Installaties";"aantal";"7711"
"Dalfsen";"Opgesteld vermogen van zonnepanelen";"kWp";"67583"
"Dalfsen";"Opgesteld vermogen omvormers";"kW";"59002"
"Dalfsen";"Productie van zonnestroom";"mln kWh";"."
"Dantumadiel";"Installaties";"aantal";"5169"
"Dantumadiel";"Opgesteld vermogen van zonnepanelen";"kWp";"27751"
"Dantumadiel";"Opgesteld vermogen omvormers";"kW";"25187"
"Dantumadiel";"Productie van zonnestroom";"mln kWh";"."
"Delft";"Installaties";"aantal";"9603"
"Delft";"Opgesteld vermogen van zonnepanelen";"kWp";"44406"
"Delft";"Opgesteld vermogen omvormers";"kW";"40140"
"Delft";"Productie van zonnestroom";"mln kWh";"."
"Delfzijl";"Installaties";"aantal";""
"Delfzijl";"Opgesteld vermogen van zonnepanelen";"kWp";""
"Delfzijl";"Opgesteld vermogen omvormers";"kW";""
"Delfzijl";"Productie van zonnestroom";"mln kWh";""
"Deurne";"Installaties";"aantal";"6763"
"Deurne";"Opgesteld vermogen van zonnepanelen";"kWp";"77959"
"Deurne";"Opgesteld vermogen omvormers";"kW";"68663"
"Deurne";"Productie van zonnestroom";"mln kWh";"."
"Deventer";"Installaties";"aantal";"16313"
"Deventer";"Opgesteld vermogen van zonnepanelen";"kWp";"126725"
"Deventer";"Opgesteld vermogen omvormers";"kW";"109972"
"Deventer";"Productie van zonnestroom";"mln kWh";"."
"Diemen";"Installaties";"aantal";"3746"
"Diemen";"Opgesteld vermogen van zonnepanelen";"kWp";"15789"
"Diemen";"Opgesteld vermogen omvormers";"kW";"14938"
"Diemen";"Productie van zonnestroom";"mln kWh";"."
"Dijk en Waard";"Installaties";"aantal";"20953"
"Dijk en Waard";"Opgesteld vermogen van zonnepanelen";"kWp";"123609"
"Dijk en Waard";"Opgesteld vermogen omvormers";"kW";"111374"
"Dijk en Waard";"Productie van zonnestroom";"mln kWh";"."
"Dinkelland";"Installaties";"aantal";"6107"
"Dinkelland";"Opgesteld vermogen van zonnepanelen";"kWp";"63884"
"Dinkelland";"Opgesteld vermogen omvormers";"kW";"57006"
"Dinkelland";"Productie van zonnestroom";"mln kWh";"."
"Doesburg";"Installaties";"aantal";"1893"
"Doesburg";"Opgesteld vermogen van zonnepanelen";"kWp";"9804"
"Doesburg";"Opgesteld vermogen omvormers";"kW";"9202"
"Doesburg";"Productie van zonnestroom";"mln kWh";"."
"Doetinchem";"Installaties";"aantal";"12313"
"Doetinchem";"Opgesteld vermogen van zonnepanelen";"kWp";"77920"
"Doetinchem";"Opgesteld vermogen omvormers";"kW";"69627"
"Doetinchem";"Productie van zonnestroom";"mln kWh";"."
"Dongen";"Installaties";"aantal";"4951"
"Dongen";"Opgesteld vermogen van zonnepanelen";"kWp";"51329"
"Dongen";"Opgesteld vermogen omvormers";"kW";"43425"
"Dongen";"Productie van zonnestroom";"mln kWh";"."
"Dordrecht";"Installaties";"aantal";"13267"
"Dordrecht";"Opgesteld vermogen van zonnepanelen";"kWp";"109939"
"Dordrecht";"Opgesteld vermogen omvormers";"kW";"91628"
"Dordrecht";"Productie van zonnestroom";"mln kWh";"."
"Drechterland";"Installaties";"aantal";"5130"
"Drechterland";"Opgesteld vermogen van zonnepanelen";"kWp";"41264"
"Drechterland";"Opgesteld vermogen omvormers";"kW";"37475"
"Drechterland";"Productie van zonnestroom";"mln kWh";"."
"Drimmelen";"Installaties";"aantal";"5035"
"Drimmelen";"Opgesteld vermogen van zonnepanelen";"kWp";"45839"
"Drimmelen";"Opgesteld vermogen omvormers";"kW";"38729"
"Drimmelen";"Productie van zonnestroom";"mln kWh";"."
"Dronten";"Installaties";"aantal";"10018"
"Dronten";"Opgesteld vermogen van zonnepanelen";"kWp";"322129"
"Dronten";"Opgesteld vermogen omvormers";"kW";"297798"
"Dronten";"Productie van zonnestroom";"mln kWh";"."
"Druten";"Installaties";"aantal";"4122"
"Druten";"Opgesteld vermogen van zonnepanelen";"kWp";"59704"
"Druten";"Opgesteld vermogen omvormers";"kW";"45404"
"Druten";"Productie van zonnestroom";"mln kWh";"."
"Duiven";"Installaties";"aantal";"4757"
"Duiven";"Opgesteld vermogen van zonnepanelen";"kWp";"40743"
"Duiven";"Opgesteld vermogen omvormers";"kW";"34838"
"Duiven";"Productie van zonnestroom";"mln kWh";"."
"Echt-Susteren";"Installaties";"aantal";"7830"
"Echt-Susteren";"Opgesteld vermogen van zonnepanelen";"kWp";"70270"
"Echt-Susteren";"Opgesteld vermogen omvormers";"kW";"60651"
"Echt-Susteren";"Productie van zonnestroom";"mln kWh";"."
"Edam-Volendam";"Installaties";"aantal";"6384"
"Edam-Volendam";"Opgesteld vermogen van zonnepanelen";"kWp";"36907"
"Edam-Volendam";"Opgesteld vermogen omvormers";"kW";"32402"
"Edam-Volendam";"Productie van zonnestroom";"mln kWh";"."
"Ede";"Installaties";"aantal";"19559"
"Ede";"Opgesteld vermogen van zonnepanelen";"kWp";"167782"
"Ede";"Opgesteld vermogen omvormers";"kW";"149994"
"Ede";"Productie van zonnestroom";"mln kWh";"."
"Eemnes";"Installaties";"aantal";"2422"
"Eemnes";"Opgesteld vermogen van zonnepanelen";"kWp";"16942"
"Eemnes";"Opgesteld vermogen omvormers";"kW";"15107"
"Eemnes";"Productie van zonnestroom";"mln kWh";"."
"Eemsdelta";"Installaties";"aantal";"11796"
"Eemsdelta";"Opgesteld vermogen van zonnepanelen";"kWp";"149708"
"Eemsdelta";"Opgesteld vermogen omvormers";"kW";"123045"
"Eemsdelta";"Productie van zonnestroom";"mln kWh";"."
"Eersel";"Installaties";"aantal";"4520"
"Eersel";"Opgesteld vermogen van zonnepanelen";"kWp";"38738"
"Eersel";"Opgesteld vermogen omvormers";"kW";"35090"
"Eersel";"Productie van zonnestroom";"mln kWh";"."
"Eijsden-Margraten";"Installaties";"aantal";"5982"
"Eijsden-Margraten";"Opgesteld vermogen van zonnepanelen";"kWp";"40305"
"Eijsden-Margraten";"Opgesteld vermogen omvormers";"kW";"36441"
"Eijsden-Margraten";"Productie van zonnestroom";"mln kWh";"."
"Eindhoven";"Installaties";"aantal";"36349"
"Eindhoven";"Opgesteld vermogen van zonnepanelen";"kWp";"224656"
"Eindhoven";"Opgesteld vermogen omvormers";"kW";"199949"
"Eindhoven";"Productie van zonnestroom";"mln kWh";"."
"Elburg";"Installaties";"aantal";"4849"
"Elburg";"Opgesteld vermogen van zonnepanelen";"kWp";"29180"
"Elburg";"Opgesteld vermogen omvormers";"kW";"27414"
"Elburg";"Productie van zonnestroom";"mln kWh";"."
"Emmen";"Installaties";"aantal";"24863"
"Emmen";"Opgesteld vermogen van zonnepanelen";"kWp";"285390"
"Emmen";"Opgesteld vermogen omvormers";"kW";"252155"
"Emmen";"Productie van zonnestroom";"mln kWh";"."
"Enkhuizen";"Installaties";"aantal";"2841"
"Enkhuizen";"Opgesteld vermogen van zonnepanelen";"kWp";"16869"
"Enkhuizen";"Opgesteld vermogen omvormers";"kW";"15304"
"Enkhuizen";"Productie van zonnestroom";"mln kWh";"."
"Enschede";"Installaties";"aantal";"21433"
"Enschede";"Opgesteld vermogen van zonnepanelen";"kWp";"172541"
"Enschede";"Opgesteld vermogen omvormers";"kW";"158529"
"Enschede";"Productie van zonnestroom";"mln kWh";"."
"Epe";"Installaties";"aantal";"6266"
"Epe";"Opgesteld vermogen van zonnepanelen";"kWp";"46388"
"Epe";"Opgesteld vermogen omvormers";"kW";"41361"
"Epe";"Productie van zonnestroom";"mln kWh";"."
"Ermelo";"Installaties";"aantal";"5294"
"Ermelo";"Opgesteld vermogen van zonnepanelen";"kWp";"42184"
"Ermelo";"Opgesteld vermogen omvormers";"kW";"36744"
"Ermelo";"Productie van zonnestroom";"mln kWh";"."
"Etten-Leur";"Installaties";"aantal";"7741"
"Etten-Leur";"Opgesteld vermogen van zonnepanelen";"kWp";"76552"
"Etten-Leur";"Opgesteld vermogen omvormers";"kW";"64096"
"Etten-Leur";"Productie van zonnestroom";"mln kWh";"."
"De Fryske Marren";"Installaties";"aantal";"13687"
"De Fryske Marren";"Opgesteld vermogen van zonnepanelen";"kWp";"119650"
"De Fryske Marren";"Opgesteld vermogen omvormers";"kW";"105540"
"De Fryske Marren";"Productie van zonnestroom";"mln kWh";"."
"Geertruidenberg";"Installaties";"aantal";"3998"
"Geertruidenberg";"Opgesteld vermogen van zonnepanelen";"kWp";"40103"
"Geertruidenberg";"Opgesteld vermogen omvormers";"kW";"34567"
"Geertruidenberg";"Productie van zonnestroom";"mln kWh";"."
"Geldrop-Mierlo";"Installaties";"aantal";"8069"
"Geldrop-Mierlo";"Opgesteld vermogen van zonnepanelen";"kWp";"40501"
"Geldrop-Mierlo";"Opgesteld vermogen omvormers";"kW";"37484"
"Geldrop-Mierlo";"Productie van zonnestroom";"mln kWh";"."
"Gemert-Bakel";"Installaties";"aantal";"6998"
"Gemert-Bakel";"Opgesteld vermogen van zonnepanelen";"kWp";"75387"
"Gemert-Bakel";"Opgesteld vermogen omvormers";"kW";"66407"
"Gemert-Bakel";"Productie van zonnestroom";"mln kWh";"."
"Gennep";"Installaties";"aantal";"3905"
"Gennep";"Opgesteld vermogen van zonnepanelen";"kWp";"46949"
"Gennep";"Opgesteld vermogen omvormers";"kW";"39494"
"Gennep";"Productie van zonnestroom";"mln kWh";"."
"Gilze en Rijen";"Installaties";"aantal";"4680"
"Gilze en Rijen";"Opgesteld vermogen van zonnepanelen";"kWp";"39439"
"Gilze en Rijen";"Opgesteld vermogen omvormers";"kW";"34973"
"Gilze en Rijen";"Productie van zonnestroom";"mln kWh";"."
"Goeree-Overflakkee";"Installaties";"aantal";"13113"
"Goeree-Overflakkee";"Opgesteld vermogen van zonnepanelen";"kWp";"185997"
"Goeree-Overflakkee";"Opgesteld vermogen omvormers";"kW";"161035"
"Goeree-Overflakkee";"Productie van zonnestroom";"mln kWh";"."
"Goes";"Installaties";"aantal";"10119"
"Goes";"Opgesteld vermogen van zonnepanelen";"kWp";"59234"
"Goes";"Opgesteld vermogen omvormers";"kW";"53418"
"Goes";"Productie van zonnestroom";"mln kWh";"."
"Goirle";"Installaties";"aantal";"4327"
"Goirle";"Opgesteld vermogen van zonnepanelen";"kWp";"31170"
"Goirle";"Opgesteld vermogen omvormers";"kW";"27920"
"Goirle";"Productie van zonnestroom";"mln kWh";"."
"Gooise Meren";"Installaties";"aantal";"7089"
"Gooise Meren";"Opgesteld vermogen van zonnepanelen";"kWp";"34847"
"Gooise Meren";"Opgesteld vermogen omvormers";"kW";"31516"
"Gooise Meren";"Productie van zonnestroom";"mln kWh";"."
"Gorinchem";"Installaties";"aantal";"6342"
"Gorinchem";"Opgesteld vermogen van zonnepanelen";"kWp";"39075"
"Gorinchem";"Opgesteld vermogen omvormers";"kW";"35037"
"Gorinchem";"Productie van zonnestroom";"mln kWh";"."
"Gouda";"Installaties";"aantal";"10277"
"Gouda";"Opgesteld vermogen van zonnepanelen";"kWp";"44514"
"Gouda";"Opgesteld vermogen omvormers";"kW";"40468"
"Gouda";"Productie van zonnestroom";"mln kWh";"."
"Grave";"Installaties";"aantal";""
"Grave";"Opgesteld vermogen van zonnepanelen";"kWp";""
"Grave";"Opgesteld vermogen omvormers";"kW";""
"Grave";"Productie van zonnestroom";"mln kWh";""
"'s-Gravenhage (gemeente)";"Installaties";"aantal";"34354"
"'s-Gravenhage (gemeente)";"Opgesteld vermogen van zonnepanelen";"kWp";"153179"
"'s-Gravenhage (gemeente)";"Opgesteld vermogen omvormers";"kW";"138406"
"'s-Gravenhage (gemeente)";"Productie van zonnestroom";"mln kWh";"."
"Groningen (gemeente)";"Installaties";"aantal";"38157"
"Groningen (gemeente)";"Opgesteld vermogen van zonnepanelen";"kWp";"357881"
"Groningen (gemeente)";"Opgesteld vermogen omvormers";"kW";"320898"
"Groningen (gemeente)";"Productie van zonnestroom";"mln kWh";"."
"Gulpen-Wittem";"Installaties";"aantal";"2976"
"Gulpen-Wittem";"Opgesteld vermogen van zonnepanelen";"kWp";"17965"
"Gulpen-Wittem";"Opgesteld vermogen omvormers";"kW";"16586"
"Gulpen-Wittem";"Productie van zonnestroom";"mln kWh";"."
"Haaksbergen";"Installaties";"aantal";"5367"
"Haaksbergen";"Opgesteld vermogen van zonnepanelen";"kWp";"49130"
"Haaksbergen";"Opgesteld vermogen omvormers";"kW";"41608"
"Haaksbergen";"Productie van zonnestroom";"mln kWh";"."
"Haaren";"Installaties";"aantal";""
"Haaren";"Opgesteld vermogen van zonnepanelen";"kWp";""
"Haaren";"Opgesteld vermogen omvormers";"kW";""
"Haaren";"Productie van zonnestroom";"mln kWh";""
"Haarlem";"Installaties";"aantal";"16536"
"Haarlem";"Opgesteld vermogen van zonnepanelen";"kWp";"67960"
"Haarlem";"Opgesteld vermogen omvormers";"kW";"62881"
"Haarlem";"Productie van zonnestroom";"mln kWh";"."
"Haarlemmermeer";"Installaties";"aantal";"27298"
"Haarlemmermeer";"Opgesteld vermogen van zonnepanelen";"kWp";"227781"
"Haarlemmermeer";"Opgesteld vermogen omvormers";"kW";"197726"
"Haarlemmermeer";"Productie van zonnestroom";"mln kWh";"."
"Halderberge";"Installaties";"aantal";"6159"
"Halderberge";"Opgesteld vermogen van zonnepanelen";"kWp";"67330"
"Halderberge";"Opgesteld vermogen omvormers";"kW";"55833"
"Halderberge";"Productie van zonnestroom";"mln kWh";"."
"Hardenberg";"Installaties";"aantal";"13889"
"Hardenberg";"Opgesteld vermogen van zonnepanelen";"kWp";"184650"
"Hardenberg";"Opgesteld vermogen omvormers";"kW";"158258"
"Hardenberg";"Productie van zonnestroom";"mln kWh";"."
"Harderwijk";"Installaties";"aantal";"8426"
"Harderwijk";"Opgesteld vermogen van zonnepanelen";"kWp";"52858"
"Harderwijk";"Opgesteld vermogen omvormers";"kW";"48654"
"Harderwijk";"Productie van zonnestroom";"mln kWh";"."
"Hardinxveld-Giessendam";"Installaties";"aantal";"4025"
"Hardinxveld-Giessendam";"Opgesteld vermogen van zonnepanelen";"kWp";"22711"
"Hardinxveld-Giessendam";"Opgesteld vermogen omvormers";"kW";"19799"
"Hardinxveld-Giessendam";"Productie van zonnestroom";"mln kWh";"."
"Harlingen";"Installaties";"aantal";"4570"
"Harlingen";"Opgesteld vermogen van zonnepanelen";"kWp";"26962"
"Harlingen";"Opgesteld vermogen omvormers";"kW";"24592"
"Harlingen";"Productie van zonnestroom";"mln kWh";"."
"Hattem";"Installaties";"aantal";"2595"
"Hattem";"Opgesteld vermogen van zonnepanelen";"kWp";"13039"
"Hattem";"Opgesteld vermogen omvormers";"kW";"11869"
"Hattem";"Productie van zonnestroom";"mln kWh";"."
"Heemskerk";"Installaties";"aantal";"7165"
"Heemskerk";"Opgesteld vermogen van zonnepanelen";"kWp";"30691"
"Heemskerk";"Opgesteld vermogen omvormers";"kW";"28504"
"Heemskerk";"Productie van zonnestroom";"mln kWh";"."
"Heemstede";"Installaties";"aantal";"4146"
"Heemstede";"Opgesteld vermogen van zonnepanelen";"kWp";"17220"
"Heemstede";"Opgesteld vermogen omvormers";"kW";"15797"
"Heemstede";"Productie van zonnestroom";"mln kWh";"."
"Heerde";"Installaties";"aantal";"3955"
"Heerde";"Opgesteld vermogen van zonnepanelen";"kWp";"23607"
"Heerde";"Opgesteld vermogen omvormers";"kW";"21396"
"Heerde";"Productie van zonnestroom";"mln kWh";"."
"Heerenveen";"Installaties";"aantal";"10607"
"Heerenveen";"Opgesteld vermogen van zonnepanelen";"kWp";"134372"
"Heerenveen";"Opgesteld vermogen omvormers";"kW";"114933"
"Heerenveen";"Productie van zonnestroom";"mln kWh";"."
"Heerhugowaard";"Installaties";"aantal";""
"Heerhugowaard";"Opgesteld vermogen van zonnepanelen";"kWp";""
"Heerhugowaard";"Opgesteld vermogen omvormers";"kW";""
"Heerhugowaard";"Productie van zonnestroom";"mln kWh";""
"Heerlen";"Installaties";"aantal";"12287"
"Heerlen";"Opgesteld vermogen van zonnepanelen";"kWp";"78729"
"Heerlen";"Opgesteld vermogen omvormers";"kW";"70236"
"Heerlen";"Productie van zonnestroom";"mln kWh";"."
"Heeze-Leende";"Installaties";"aantal";"4109"
"Heeze-Leende";"Opgesteld vermogen van zonnepanelen";"kWp";"34620"
"Heeze-Leende";"Opgesteld vermogen omvormers";"kW";"30687"
"Heeze-Leende";"Productie van zonnestroom";"mln kWh";"."
"Heiloo";"Installaties";"aantal";"6291"
"Heiloo";"Opgesteld vermogen van zonnepanelen";"kWp";"25126"
"Heiloo";"Opgesteld vermogen omvormers";"kW";"23508"
"Heiloo";"Productie van zonnestroom";"mln kWh";"."
"Den Helder";"Installaties";"aantal";"12205"
"Den Helder";"Opgesteld vermogen van zonnepanelen";"kWp";"85277"
"Den Helder";"Opgesteld vermogen omvormers";"kW";"72364"
"Den Helder";"Productie van zonnestroom";"mln kWh";"."
"Hellendoorn";"Installaties";"aantal";"7808"
"Hellendoorn";"Opgesteld vermogen van zonnepanelen";"kWp";"56753"
"Hellendoorn";"Opgesteld vermogen omvormers";"kW";"51930"
"Hellendoorn";"Productie van zonnestroom";"mln kWh";"."
"Hellevoetsluis";"Installaties";"aantal";""
"Hellevoetsluis";"Opgesteld vermogen van zonnepanelen";"kWp";""
"Hellevoetsluis";"Opgesteld vermogen omvormers";"kW";""
"Hellevoetsluis";"Productie van zonnestroom";"mln kWh";""
"Helmond";"Installaties";"aantal";"16813"
"Helmond";"Opgesteld vermogen van zonnepanelen";"kWp";"91190"
"Helmond";"Opgesteld vermogen omvormers";"kW";"81849"
"Helmond";"Productie van zonnestroom";"mln kWh";"."
"Hendrik-Ido-Ambacht";"Installaties";"aantal";"5890"
"Hendrik-Ido-Ambacht";"Opgesteld vermogen van zonnepanelen";"kWp";"25262"
"Hendrik-Ido-Ambacht";"Opgesteld vermogen omvormers";"kW";"22794"
"Hendrik-Ido-Ambacht";"Productie van zonnestroom";"mln kWh";"."
"Hengelo (O.)";"Installaties";"aantal";"14115"
"Hengelo (O.)";"Opgesteld vermogen van zonnepanelen";"kWp";"97475"
"Hengelo (O.)";"Opgesteld vermogen omvormers";"kW";"88771"
"Hengelo (O.)";"Productie van zonnestroom";"mln kWh";"."
"'s-Hertogenbosch";"Installaties";"aantal";"27306"
"'s-Hertogenbosch";"Opgesteld vermogen van zonnepanelen";"kWp";"180301"
"'s-Hertogenbosch";"Opgesteld vermogen omvormers";"kW";"160064"
"'s-Hertogenbosch";"Productie van zonnestroom";"mln kWh";"."
"Heumen";"Installaties";"aantal";"4074"
"Heumen";"Opgesteld vermogen van zonnepanelen";"kWp";"22262"
"Heumen";"Opgesteld vermogen omvormers";"kW";"20653"
"Heumen";"Productie van zonnestroom";"mln kWh";"."
"Heusden";"Installaties";"aantal";"8673"
"Heusden";"Opgesteld vermogen van zonnepanelen";"kWp";"76949"
"Heusden";"Opgesteld vermogen omvormers";"kW";"65979"
"Heusden";"Productie van zonnestroom";"mln kWh";"."
"Hillegom";"Installaties";"aantal";"3914"
"Hillegom";"Opgesteld vermogen van zonnepanelen";"kWp";"25042"
"Hillegom";"Opgesteld vermogen omvormers";"kW";"22934"
"Hillegom";"Productie van zonnestroom";"mln kWh";"."
"Hilvarenbeek";"Installaties";"aantal";"3243"
"Hilvarenbeek";"Opgesteld vermogen van zonnepanelen";"kWp";"83432"
"Hilvarenbeek";"Opgesteld vermogen omvormers";"kW";"61588"
"Hilvarenbeek";"Productie van zonnestroom";"mln kWh";"."
"Hilversum";"Installaties";"aantal";"10427"
"Hilversum";"Opgesteld vermogen van zonnepanelen";"kWp";"45534"
"Hilversum";"Opgesteld vermogen omvormers";"kW";"41961"
"Hilversum";"Productie van zonnestroom";"mln kWh";"."
"Hoeksche Waard";"Installaties";"aantal";"19591"
"Hoeksche Waard";"Opgesteld vermogen van zonnepanelen";"kWp";"145896"
"Hoeksche Waard";"Opgesteld vermogen omvormers";"kW";"125710"
"Hoeksche Waard";"Productie van zonnestroom";"mln kWh";"."
"Hof van Twente";"Installaties";"aantal";"7974"
"Hof van Twente";"Opgesteld vermogen van zonnepanelen";"kWp";"109937"
"Hof van Twente";"Opgesteld vermogen omvormers";"kW";"92806"
"Hof van Twente";"Productie van zonnestroom";"mln kWh";"."
"Het Hogeland";"Installaties";"aantal";"13133"
"Het Hogeland";"Opgesteld vermogen van zonnepanelen";"kWp";"142880"
"Het Hogeland";"Opgesteld vermogen omvormers";"kW";"121555"
"Het Hogeland";"Productie van zonnestroom";"mln kWh";"."
"Hollands Kroon";"Installaties";"aantal";"11434"
"Hollands Kroon";"Opgesteld vermogen van zonnepanelen";"kWp";"192351"
"Hollands Kroon";"Opgesteld vermogen omvormers";"kW";"176577"
"Hollands Kroon";"Productie van zonnestroom";"mln kWh";"."
"Hoogeveen";"Installaties";"aantal";"12235"
"Hoogeveen";"Opgesteld vermogen van zonnepanelen";"kWp";"256888"
"Hoogeveen";"Opgesteld vermogen omvormers";"kW";"224611"
"Hoogeveen";"Productie van zonnestroom";"mln kWh";"."
"Hoorn";"Installaties";"aantal";"12996"
"Hoorn";"Opgesteld vermogen van zonnepanelen";"kWp";"60683"
"Hoorn";"Opgesteld vermogen omvormers";"kW";"55733"
"Hoorn";"Productie van zonnestroom";"mln kWh";"."
"Horst aan de Maas";"Installaties";"aantal";"11386"
"Horst aan de Maas";"Opgesteld vermogen van zonnepanelen";"kWp";"156266"
"Horst aan de Maas";"Opgesteld vermogen omvormers";"kW";"131184"
"Horst aan de Maas";"Productie van zonnestroom";"mln kWh";"."
"Houten";"Installaties";"aantal";"10412"
"Houten";"Opgesteld vermogen van zonnepanelen";"kWp";"106418"
"Houten";"Opgesteld vermogen omvormers";"kW";"87501"
"Houten";"Productie van zonnestroom";"mln kWh";"."
"Huizen";"Installaties";"aantal";"7634"
"Huizen";"Opgesteld vermogen van zonnepanelen";"kWp";"30035"
"Huizen";"Opgesteld vermogen omvormers";"kW";"28062"
"Huizen";"Productie van zonnestroom";"mln kWh";"."
"Hulst";"Installaties";"aantal";"8168"
"Hulst";"Opgesteld vermogen van zonnepanelen";"kWp";"45312"
"Hulst";"Opgesteld vermogen omvormers";"kW";"40817"
"Hulst";"Productie van zonnestroom";"mln kWh";"."
"IJsselstein";"Installaties";"aantal";"5677"
"IJsselstein";"Opgesteld vermogen van zonnepanelen";"kWp";"27367"
"IJsselstein";"Opgesteld vermogen omvormers";"kW";"24648"
"IJsselstein";"Productie van zonnestroom";"mln kWh";"."
"Kaag en Braassem";"Installaties";"aantal";"6738"
"Kaag en Braassem";"Opgesteld vermogen van zonnepanelen";"kWp";"37237"
"Kaag en Braassem";"Opgesteld vermogen omvormers";"kW";"34333"
"Kaag en Braassem";"Productie van zonnestroom";"mln kWh";"."
"Kampen";"Installaties";"aantal";"10346"
"Kampen";"Opgesteld vermogen van zonnepanelen";"kWp";"89829"
"Kampen";"Opgesteld vermogen omvormers";"kW";"81633"
"Kampen";"Productie van zonnestroom";"mln kWh";"."
"Kapelle";"Installaties";"aantal";"3705"
"Kapelle";"Opgesteld vermogen van zonnepanelen";"kWp";"23844"
"Kapelle";"Opgesteld vermogen omvormers";"kW";"21467"
"Kapelle";"Productie van zonnestroom";"mln kWh";"."
"Katwijk";"Installaties";"aantal";"9259"
"Katwijk";"Opgesteld vermogen van zonnepanelen";"kWp";"48013"
"Katwijk";"Opgesteld vermogen omvormers";"kW";"43630"
"Katwijk";"Productie van zonnestroom";"mln kWh";"."
"Kerkrade";"Installaties";"aantal";"9077"
"Kerkrade";"Opgesteld vermogen van zonnepanelen";"kWp";"62893"
"Kerkrade";"Opgesteld vermogen omvormers";"kW";"53548"
"Kerkrade";"Productie van zonnestroom";"mln kWh";"."
"Koggenland";"Installaties";"aantal";"5230"
"Koggenland";"Opgesteld vermogen van zonnepanelen";"kWp";"41527"
"Koggenland";"Opgesteld vermogen omvormers";"kW";"36984"
"Koggenland";"Productie van zonnestroom";"mln kWh";"."
"Krimpen aan den IJssel";"Installaties";"aantal";"4689"
"Krimpen aan den IJssel";"Opgesteld vermogen van zonnepanelen";"kWp";"21681"
"Krimpen aan den IJssel";"Opgesteld vermogen omvormers";"kW";"19611"
"Krimpen aan den IJssel";"Productie van zonnestroom";"mln kWh";"."
"Krimpenerwaard";"Installaties";"aantal";"11557"
"Krimpenerwaard";"Opgesteld vermogen van zonnepanelen";"kWp";"70365"
"Krimpenerwaard";"Opgesteld vermogen omvormers";"kW";"61279"
"Krimpenerwaard";"Productie van zonnestroom";"mln kWh";"."
"Laarbeek";"Installaties";"aantal";"5155"
"Laarbeek";"Opgesteld vermogen van zonnepanelen";"kWp";"66950"
"Laarbeek";"Opgesteld vermogen omvormers";"kW";"56411"
"Laarbeek";"Productie van zonnestroom";"mln kWh";"."
"Land van Cuijk";"Installaties";"aantal";"20431"
"Land van Cuijk";"Opgesteld vermogen van zonnepanelen";"kWp";"212290"
"Land van Cuijk";"Opgesteld vermogen omvormers";"kW";"186006"
"Land van Cuijk";"Productie van zonnestroom";"mln kWh";"."
"Landerd";"Installaties";"aantal";""
"Landerd";"Opgesteld vermogen van zonnepanelen";"kWp";""
"Landerd";"Opgesteld vermogen omvormers";"kW";""
"Landerd";"Productie van zonnestroom";"mln kWh";""
"Landgraaf";"Installaties";"aantal";"7754"
"Landgraaf";"Opgesteld vermogen van zonnepanelen";"kWp";"51218"
"Landgraaf";"Opgesteld vermogen omvormers";"kW";"46566"
"Landgraaf";"Productie van zonnestroom";"mln kWh";"."
"Landsmeer";"Installaties";"aantal";"1830"
"Landsmeer";"Opgesteld vermogen van zonnepanelen";"kWp";"9327"
"Landsmeer";"Opgesteld vermogen omvormers";"kW";"8669"
"Landsmeer";"Productie van zonnestroom";"mln kWh";"."
"Langedijk";"Installaties";"aantal";""
"Langedijk";"Opgesteld vermogen van zonnepanelen";"kWp";""
"Langedijk";"Opgesteld vermogen omvormers";"kW";""
"Langedijk";"Productie van zonnestroom";"mln kWh";""
"Lansingerland";"Installaties";"aantal";"14457"
"Lansingerland";"Opgesteld vermogen van zonnepanelen";"kWp";"143713"
"Lansingerland";"Opgesteld vermogen omvormers";"kW";"119853"
"Lansingerland";"Productie van zonnestroom";"mln kWh";"."
"Laren (NH.)";"Installaties";"aantal";"1084"
"Laren (NH.)";"Opgesteld vermogen van zonnepanelen";"kWp";"6056"
"Laren (NH.)";"Opgesteld vermogen omvormers";"kW";"5432"
"Laren (NH.)";"Productie van zonnestroom";"mln kWh";"."
"Leeuwarden";"Installaties";"aantal";"23334"
"Leeuwarden";"Opgesteld vermogen van zonnepanelen";"kWp";"177770"
"Leeuwarden";"Opgesteld vermogen omvormers";"kW";"165696"
"Leeuwarden";"Productie van zonnestroom";"mln kWh";"."
"Leiden";"Installaties";"aantal";"11775"
"Leiden";"Opgesteld vermogen van zonnepanelen";"kWp";"49344"
"Leiden";"Opgesteld vermogen omvormers";"kW";"45551"
"Leiden";"Productie van zonnestroom";"mln kWh";"."
"Leiderdorp";"Installaties";"aantal";"3884"
"Leiderdorp";"Opgesteld vermogen van zonnepanelen";"kWp";"16236"
"Leiderdorp";"Opgesteld vermogen omvormers";"kW";"15109"
"Leiderdorp";"Productie van zonnestroom";"mln kWh";"."
"Leidschendam-Voorburg";"Installaties";"aantal";"7430"
"Leidschendam-Voorburg";"Opgesteld vermogen van zonnepanelen";"kWp";"30966"
"Leidschendam-Voorburg";"Opgesteld vermogen omvormers";"kW";"28179"
"Leidschendam-Voorburg";"Productie van zonnestroom";"mln kWh";"."
"Lelystad";"Installaties";"aantal";"16839"
"Lelystad";"Opgesteld vermogen van zonnepanelen";"kWp";"291893"
"Lelystad";"Opgesteld vermogen omvormers";"kW";"261534"
"Lelystad";"Productie van zonnestroom";"mln kWh";"."
"Leudal";"Installaties";"aantal";"8853"
"Leudal";"Opgesteld vermogen van zonnepanelen";"kWp";"84237"
"Leudal";"Opgesteld vermogen omvormers";"kW";"74917"
"Leudal";"Productie van zonnestroom";"mln kWh";"."
"Leusden";"Installaties";"aantal";"7253"
"Leusden";"Opgesteld vermogen van zonnepanelen";"kWp";"41352"
"Leusden";"Opgesteld vermogen omvormers";"kW";"36474"
"Leusden";"Productie van zonnestroom";"mln kWh";"."
"Lingewaard";"Installaties";"aantal";"11754"
"Lingewaard";"Opgesteld vermogen van zonnepanelen";"kWp";"83502"
"Lingewaard";"Opgesteld vermogen omvormers";"kW";"74093"
"Lingewaard";"Productie van zonnestroom";"mln kWh";"."
"Lisse";"Installaties";"aantal";"5077"
"Lisse";"Opgesteld vermogen van zonnepanelen";"kWp";"21978"
"Lisse";"Opgesteld vermogen omvormers";"kW";"20225"
"Lisse";"Productie van zonnestroom";"mln kWh";"."
"Lochem";"Installaties";"aantal";"7557"
"Lochem";"Opgesteld vermogen van zonnepanelen";"kWp";"113938"
"Lochem";"Opgesteld vermogen omvormers";"kW";"98944"
"Lochem";"Productie van zonnestroom";"mln kWh";"."
"Loon op Zand";"Installaties";"aantal";"4311"
"Loon op Zand";"Opgesteld vermogen van zonnepanelen";"kWp";"40889"
"Loon op Zand";"Opgesteld vermogen omvormers";"kW";"32185"
"Loon op Zand";"Productie van zonnestroom";"mln kWh";"."
"Lopik";"Installaties";"aantal";"2971"
"Lopik";"Opgesteld vermogen van zonnepanelen";"kWp";"24606"
"Lopik";"Opgesteld vermogen omvormers";"kW";"22367"
"Lopik";"Productie van zonnestroom";"mln kWh";"."
"Loppersum";"Installaties";"aantal";""
"Loppersum";"Opgesteld vermogen van zonnepanelen";"kWp";""
"Loppersum";"Opgesteld vermogen omvormers";"kW";""
"Loppersum";"Productie van zonnestroom";"mln kWh";""
"Losser";"Installaties";"aantal";"5131"
"Losser";"Opgesteld vermogen van zonnepanelen";"kWp";"63949"
"Losser";"Opgesteld vermogen omvormers";"kW";"55240"
"Losser";"Productie van zonnestroom";"mln kWh";"."
"Maasdriel";"Installaties";"aantal";"6228"
"Maasdriel";"Opgesteld vermogen van zonnepanelen";"kWp";"45362"
"Maasdriel";"Opgesteld vermogen omvormers";"kW";"41529"
"Maasdriel";"Productie van zonnestroom";"mln kWh";"."
"Maasgouw";"Installaties";"aantal";"6512"
"Maasgouw";"Opgesteld vermogen van zonnepanelen";"kWp";"39218"
"Maasgouw";"Opgesteld vermogen omvormers";"kW";"36285"
"Maasgouw";"Productie van zonnestroom";"mln kWh";"."
"Maashorst";"Installaties";"aantal";"14137"
"Maashorst";"Opgesteld vermogen van zonnepanelen";"kWp";"116867"
"Maashorst";"Opgesteld vermogen omvormers";"kW";"105148"
"Maashorst";"Productie van zonnestroom";"mln kWh";"."
"Maassluis";"Installaties";"aantal";"5228"
"Maassluis";"Opgesteld vermogen van zonnepanelen";"kWp";"21857"
"Maassluis";"Opgesteld vermogen omvormers";"kW";"19319"
"Maassluis";"Productie van zonnestroom";"mln kWh";"."
"Maastricht";"Installaties";"aantal";"14599"
"Maastricht";"Opgesteld vermogen van zonnepanelen";"kWp";"92137"
"Maastricht";"Opgesteld vermogen omvormers";"kW";"80232"
"Maastricht";"Productie van zonnestroom";"mln kWh";"."
"Medemblik";"Installaties";"aantal";"11070"
"Medemblik";"Opgesteld vermogen van zonnepanelen";"kWp";"126466"
"Medemblik";"Opgesteld vermogen omvormers";"kW";"106125"
"Medemblik";"Productie van zonnestroom";"mln kWh";"."
"Meerssen";"Installaties";"aantal";"4378"
"Meerssen";"Opgesteld vermogen van zonnepanelen";"kWp";"23522"
"Meerssen";"Opgesteld vermogen omvormers";"kW";"21786"
"Meerssen";"Productie van zonnestroom";"mln kWh";"."
"Meierijstad";"Installaties";"aantal";"19150"
"Meierijstad";"Opgesteld vermogen van zonnepanelen";"kWp";"228956"
"Meierijstad";"Opgesteld vermogen omvormers";"kW";"194679"
"Meierijstad";"Productie van zonnestroom";"mln kWh";"."
"Meppel";"Installaties";"aantal";"6909"
"Meppel";"Opgesteld vermogen van zonnepanelen";"kWp";"38559"
"Meppel";"Opgesteld vermogen omvormers";"kW";"35236"
"Meppel";"Productie van zonnestroom";"mln kWh";"."
"Middelburg (Z.)";"Installaties";"aantal";"10855"
"Middelburg (Z.)";"Opgesteld vermogen van zonnepanelen";"kWp";"63969"
"Middelburg (Z.)";"Opgesteld vermogen omvormers";"kW";"54910"
"Middelburg (Z.)";"Productie van zonnestroom";"mln kWh";"."
"Midden-Delfland";"Installaties";"aantal";"4338"
"Midden-Delfland";"Opgesteld vermogen van zonnepanelen";"kWp";"39843"
"Midden-Delfland";"Opgesteld vermogen omvormers";"kW";"33357"
"Midden-Delfland";"Productie van zonnestroom";"mln kWh";"."
"Midden-Drenthe";"Installaties";"aantal";"9254"
"Midden-Drenthe";"Opgesteld vermogen van zonnepanelen";"kWp";"124159"
"Midden-Drenthe";"Opgesteld vermogen omvormers";"kW";"106161"
"Midden-Drenthe";"Productie van zonnestroom";"mln kWh";"."
"Midden-Groningen";"Installaties";"aantal";"15984"
"Midden-Groningen";"Opgesteld vermogen van zonnepanelen";"kWp";"317453"
"Midden-Groningen";"Opgesteld vermogen omvormers";"kW";"249658"
"Midden-Groningen";"Productie van zonnestroom";"mln kWh";"."
"Mill en Sint Hubert";"Installaties";"aantal";""
"Mill en Sint Hubert";"Opgesteld vermogen van zonnepanelen";"kWp";""
"Mill en Sint Hubert";"Opgesteld vermogen omvormers";"kW";""
"Mill en Sint Hubert";"Productie van zonnestroom";"mln kWh";""
"Moerdijk";"Installaties";"aantal";"7798"
"Moerdijk";"Opgesteld vermogen van zonnepanelen";"kWp";"141310"
"Moerdijk";"Opgesteld vermogen omvormers";"kW";"120879"
"Moerdijk";"Productie van zonnestroom";"mln kWh";"."
"Molenlanden";"Installaties";"aantal";"9191"
"Molenlanden";"Opgesteld vermogen van zonnepanelen";"kWp";"77314"
"Molenlanden";"Opgesteld vermogen omvormers";"kW";"66664"
"Molenlanden";"Productie van zonnestroom";"mln kWh";"."
"Montferland";"Installaties";"aantal";"9842"
"Montferland";"Opgesteld vermogen van zonnepanelen";"kWp";"67739"
"Montferland";"Opgesteld vermogen omvormers";"kW";"61216"
"Montferland";"Productie van zonnestroom";"mln kWh";"."
"Montfoort";"Installaties";"aantal";"2996"
"Montfoort";"Opgesteld vermogen van zonnepanelen";"kWp";"27227"
"Montfoort";"Opgesteld vermogen omvormers";"kW";"24595"
"Montfoort";"Productie van zonnestroom";"mln kWh";"."
"Mook en Middelaar";"Installaties";"aantal";"2058"
"Mook en Middelaar";"Opgesteld vermogen van zonnepanelen";"kWp";"10374"
"Mook en Middelaar";"Opgesteld vermogen omvormers";"kW";"9614"
"Mook en Middelaar";"Productie van zonnestroom";"mln kWh";"."
"Neder-Betuwe";"Installaties";"aantal";"5194"
"Neder-Betuwe";"Opgesteld vermogen van zonnepanelen";"kWp";"74160"
"Neder-Betuwe";"Opgesteld vermogen omvormers";"kW";"64742"
"Neder-Betuwe";"Productie van zonnestroom";"mln kWh";"."
"Nederweert";"Installaties";"aantal";"4206"
"Nederweert";"Opgesteld vermogen van zonnepanelen";"kWp";"53961"
"Nederweert";"Opgesteld vermogen omvormers";"kW";"47664"
"Nederweert";"Productie van zonnestroom";"mln kWh";"."
"Nieuwegein";"Installaties";"aantal";"10564"
"Nieuwegein";"Opgesteld vermogen van zonnepanelen";"kWp";"74939"
"Nieuwegein";"Opgesteld vermogen omvormers";"kW";"66277"
"Nieuwegein";"Productie van zonnestroom";"mln kWh";"."
"Nieuwkoop";"Installaties";"aantal";"5324"
"Nieuwkoop";"Opgesteld vermogen van zonnepanelen";"kWp";"35420"
"Nieuwkoop";"Opgesteld vermogen omvormers";"kW";"32979"
"Nieuwkoop";"Productie van zonnestroom";"mln kWh";"."
"Nijkerk";"Installaties";"aantal";"9165"
"Nijkerk";"Opgesteld vermogen van zonnepanelen";"kWp";"69676"
"Nijkerk";"Opgesteld vermogen omvormers";"kW";"62982"
"Nijkerk";"Productie van zonnestroom";"mln kWh";"."
"Nijmegen";"Installaties";"aantal";"25041"
"Nijmegen";"Opgesteld vermogen van zonnepanelen";"kWp";"124675"
"Nijmegen";"Opgesteld vermogen omvormers";"kW";"114299"
"Nijmegen";"Productie van zonnestroom";"mln kWh";"."
"Nissewaard";"Installaties";"aantal";"15902"
"Nissewaard";"Opgesteld vermogen van zonnepanelen";"kWp";"68704"
"Nissewaard";"Opgesteld vermogen omvormers";"kW";"61411"
"Nissewaard";"Productie van zonnestroom";"mln kWh";"."
"Noardeast-Fryslân";"Installaties";"aantal";"11371"
"Noardeast-Fryslân";"Opgesteld vermogen van zonnepanelen";"kWp";"78348"
"Noardeast-Fryslân";"Opgesteld vermogen omvormers";"kW";"72321"
"Noardeast-Fryslân";"Productie van zonnestroom";"mln kWh";"."
"Noord-Beveland";"Installaties";"aantal";"3150"
"Noord-Beveland";"Opgesteld vermogen van zonnepanelen";"kWp";"20765"
"Noord-Beveland";"Opgesteld vermogen omvormers";"kW";"18796"
"Noord-Beveland";"Productie van zonnestroom";"mln kWh";"."
"Noordenveld";"Installaties";"aantal";"8664"
"Noordenveld";"Opgesteld vermogen van zonnepanelen";"kWp";"147761"
"Noordenveld";"Opgesteld vermogen omvormers";"kW";"117946"
"Noordenveld";"Productie van zonnestroom";"mln kWh";"."
"Noordoostpolder";"Installaties";"aantal";"11083"
"Noordoostpolder";"Opgesteld vermogen van zonnepanelen";"kWp";"273180"
"Noordoostpolder";"Opgesteld vermogen omvormers";"kW";"238175"
"Noordoostpolder";"Productie van zonnestroom";"mln kWh";"."
"Noordwijk";"Installaties";"aantal";"8444"
"Noordwijk";"Opgesteld vermogen van zonnepanelen";"kWp";"48736"
"Noordwijk";"Opgesteld vermogen omvormers";"kW";"45364"
"Noordwijk";"Productie van zonnestroom";"mln kWh";"."
"Nuenen, Gerwen en Nederwetten";"Installaties";"aantal";"5332"
"Nuenen, Gerwen en Nederwetten";"Opgesteld vermogen van zonnepanelen";"kWp";"34842"
"Nuenen, Gerwen en Nederwetten";"Opgesteld vermogen omvormers";"kW";"31767"
"Nuenen, Gerwen en Nederwetten";"Productie van zonnestroom";"mln kWh";"."
"Nunspeet";"Installaties";"aantal";"4527"
"Nunspeet";"Opgesteld vermogen van zonnepanelen";"kWp";"31034"
"Nunspeet";"Opgesteld vermogen omvormers";"kW";"28246"
"Nunspeet";"Productie van zonnestroom";"mln kWh";"."
"Oegstgeest";"Installaties";"aantal";"4343"
"Oegstgeest";"Opgesteld vermogen van zonnepanelen";"kWp";"19905"
"Oegstgeest";"Opgesteld vermogen omvormers";"kW";"18092"
"Oegstgeest";"Productie van zonnestroom";"mln kWh";"."
"Oirschot";"Installaties";"aantal";"3882"
"Oirschot";"Opgesteld vermogen van zonnepanelen";"kWp";"44132"
"Oirschot";"Opgesteld vermogen omvormers";"kW";"38082"
"Oirschot";"Productie van zonnestroom";"mln kWh";"."
"Oisterwijk";"Installaties";"aantal";"5627"
"Oisterwijk";"Opgesteld vermogen van zonnepanelen";"kWp";"49805"
"Oisterwijk";"Opgesteld vermogen omvormers";"kW";"43663"
"Oisterwijk";"Productie van zonnestroom";"mln kWh";"."
"Oldambt";"Installaties";"aantal";"9995"
"Oldambt";"Opgesteld vermogen van zonnepanelen";"kWp";"80304"
"Oldambt";"Opgesteld vermogen omvormers";"kW";"71534"
"Oldambt";"Productie van zonnestroom";"mln kWh";"."
"Oldebroek";"Installaties";"aantal";"4678"
"Oldebroek";"Opgesteld vermogen van zonnepanelen";"kWp";"51097"
"Oldebroek";"Opgesteld vermogen omvormers";"kW";"43581"
"Oldebroek";"Productie van zonnestroom";"mln kWh";"."
"Oldenzaal";"Installaties";"aantal";"6697"
"Oldenzaal";"Opgesteld vermogen van zonnepanelen";"kWp";"54228"
"Oldenzaal";"Opgesteld vermogen omvormers";"kW";"46410"
"Oldenzaal";"Productie van zonnestroom";"mln kWh";"."
"Olst-Wijhe";"Installaties";"aantal";"4915"
"Olst-Wijhe";"Opgesteld vermogen van zonnepanelen";"kWp";"44029"
"Olst-Wijhe";"Opgesteld vermogen omvormers";"kW";"36069"
"Olst-Wijhe";"Productie van zonnestroom";"mln kWh";"."
"Ommen";"Installaties";"aantal";"4245"
"Ommen";"Opgesteld vermogen van zonnepanelen";"kWp";"41035"
"Ommen";"Opgesteld vermogen omvormers";"kW";"35715"
"Ommen";"Productie van zonnestroom";"mln kWh";"."
"Oost Gelre";"Installaties";"aantal";"6787"
"Oost Gelre";"Opgesteld vermogen van zonnepanelen";"kWp";"62994"
"Oost Gelre";"Opgesteld vermogen omvormers";"kW";"56972"
"Oost Gelre";"Productie van zonnestroom";"mln kWh";"."
"Oosterhout";"Installaties";"aantal";"9995"
"Oosterhout";"Opgesteld vermogen van zonnepanelen";"kWp";"82329"
"Oosterhout";"Opgesteld vermogen omvormers";"kW";"71038"
"Oosterhout";"Productie van zonnestroom";"mln kWh";"."
"Ooststellingwerf";"Installaties";"aantal";"7463"
"Ooststellingwerf";"Opgesteld vermogen van zonnepanelen";"kWp";"138359"
"Ooststellingwerf";"Opgesteld vermogen omvormers";"kW";"127360"
"Ooststellingwerf";"Productie van zonnestroom";"mln kWh";"."
"Oostzaan";"Installaties";"aantal";"1477"
"Oostzaan";"Opgesteld vermogen van zonnepanelen";"kWp";"9678"
"Oostzaan";"Opgesteld vermogen omvormers";"kW";"8964"
"Oostzaan";"Productie van zonnestroom";"mln kWh";"."
"Opmeer";"Installaties";"aantal";"2639"
"Opmeer";"Opgesteld vermogen van zonnepanelen";"kWp";"20668"
"Opmeer";"Opgesteld vermogen omvormers";"kW";"18496"
"Opmeer";"Productie van zonnestroom";"mln kWh";"."
"Opsterland";"Installaties";"aantal";"6591"
"Opsterland";"Opgesteld vermogen van zonnepanelen";"kWp";"81219"
"Opsterland";"Opgesteld vermogen omvormers";"kW";"69620"
"Opsterland";"Productie van zonnestroom";"mln kWh";"."
"Oss";"Installaties";"aantal";"19345"
"Oss";"Opgesteld vermogen van zonnepanelen";"kWp";"158424"
"Oss";"Opgesteld vermogen omvormers";"kW";"139775"
"Oss";"Productie van zonnestroom";"mln kWh";"."
"Oude IJsselstreek";"Installaties";"aantal";"8771"
"Oude IJsselstreek";"Opgesteld vermogen van zonnepanelen";"kWp";"91077"
"Oude IJsselstreek";"Opgesteld vermogen omvormers";"kW";"76593"
"Oude IJsselstreek";"Productie van zonnestroom";"mln kWh";"."
"Ouder-Amstel";"Installaties";"aantal";"2068"
"Ouder-Amstel";"Opgesteld vermogen van zonnepanelen";"kWp";"13120"
"Ouder-Amstel";"Opgesteld vermogen omvormers";"kW";"11325"
"Ouder-Amstel";"Productie van zonnestroom";"mln kWh";"."
"Oudewater";"Installaties";"aantal";"2019"
"Oudewater";"Opgesteld vermogen van zonnepanelen";"kWp";"15181"
"Oudewater";"Opgesteld vermogen omvormers";"kW";"13744"
"Oudewater";"Productie van zonnestroom";"mln kWh";"."
"Overbetuwe";"Installaties";"aantal";"9898"
"Overbetuwe";"Opgesteld vermogen van zonnepanelen";"kWp";"114141"
"Overbetuwe";"Opgesteld vermogen omvormers";"kW";"97762"
"Overbetuwe";"Productie van zonnestroom";"mln kWh";"."
"Papendrecht";"Installaties";"aantal";"4467"
"Papendrecht";"Opgesteld vermogen van zonnepanelen";"kWp";"21670"
"Papendrecht";"Opgesteld vermogen omvormers";"kW";"19627"
"Papendrecht";"Productie van zonnestroom";"mln kWh";"."
"Peel en Maas";"Installaties";"aantal";"11580"
"Peel en Maas";"Opgesteld vermogen van zonnepanelen";"kWp";"132764"
"Peel en Maas";"Opgesteld vermogen omvormers";"kW";"112992"
"Peel en Maas";"Productie van zonnestroom";"mln kWh";"."
"Pekela";"Installaties";"aantal";"2682"
"Pekela";"Opgesteld vermogen van zonnepanelen";"kWp";"87925"
"Pekela";"Opgesteld vermogen omvormers";"kW";"77975"
"Pekela";"Productie van zonnestroom";"mln kWh";"."
"Pijnacker-Nootdorp";"Installaties";"aantal";"11805"
"Pijnacker-Nootdorp";"Opgesteld vermogen van zonnepanelen";"kWp";"62691"
"Pijnacker-Nootdorp";"Opgesteld vermogen omvormers";"kW";"57557"
"Pijnacker-Nootdorp";"Productie van zonnestroom";"mln kWh";"."
"Purmerend";"Installaties";"aantal";"13519"
"Purmerend";"Opgesteld vermogen van zonnepanelen";"kWp";"71469"
"Purmerend";"Opgesteld vermogen omvormers";"kW";"63869"
"Purmerend";"Productie van zonnestroom";"mln kWh";"."
"Putten";"Installaties";"aantal";"4278"
"Putten";"Opgesteld vermogen van zonnepanelen";"kWp";"40222"
"Putten";"Opgesteld vermogen omvormers";"kW";"35956"
"Putten";"Productie van zonnestroom";"mln kWh";"."
"Raalte";"Installaties";"aantal";"9947"
"Raalte";"Opgesteld vermogen van zonnepanelen";"kWp";"79442"
"Raalte";"Opgesteld vermogen omvormers";"kW";"70420"
"Raalte";"Productie van zonnestroom";"mln kWh";"."
"Reimerswaal";"Installaties";"aantal";"5616"
"Reimerswaal";"Opgesteld vermogen van zonnepanelen";"kWp";"93163"
"Reimerswaal";"Opgesteld vermogen omvormers";"kW";"79447"
"Reimerswaal";"Productie van zonnestroom";"mln kWh";"."
"Renkum";"Installaties";"aantal";"5064"
"Renkum";"Opgesteld vermogen van zonnepanelen";"kWp";"24904"
"Renkum";"Opgesteld vermogen omvormers";"kW";"22907"
"Renkum";"Productie van zonnestroom";"mln kWh";"."
"Renswoude";"Installaties";"aantal";"1257"
"Renswoude";"Opgesteld vermogen van zonnepanelen";"kWp";"13305"
"Renswoude";"Opgesteld vermogen omvormers";"kW";"11309"
"Renswoude";"Productie van zonnestroom";"mln kWh";"."
"Reusel-De Mierden";"Installaties";"aantal";"3039"
"Reusel-De Mierden";"Opgesteld vermogen van zonnepanelen";"kWp";"41505"
"Reusel-De Mierden";"Opgesteld vermogen omvormers";"kW";"36359"
"Reusel-De Mierden";"Productie van zonnestroom";"mln kWh";"."
"Rheden";"Installaties";"aantal";"6625"
"Rheden";"Opgesteld vermogen van zonnepanelen";"kWp";"39486"
"Rheden";"Opgesteld vermogen omvormers";"kW";"35974"
"Rheden";"Productie van zonnestroom";"mln kWh";"."
"Rhenen";"Installaties";"aantal";"4245"
"Rhenen";"Opgesteld vermogen van zonnepanelen";"kWp";"24325"
"Rhenen";"Opgesteld vermogen omvormers";"kW";"21830"
"Rhenen";"Productie van zonnestroom";"mln kWh";"."
"Ridderkerk";"Installaties";"aantal";"7018"
"Ridderkerk";"Opgesteld vermogen van zonnepanelen";"kWp";"51157"
"Ridderkerk";"Opgesteld vermogen omvormers";"kW";"43187"
"Ridderkerk";"Productie van zonnestroom";"mln kWh";"."
"Rijssen-Holten";"Installaties";"aantal";"7293"
"Rijssen-Holten";"Opgesteld vermogen van zonnepanelen";"kWp";"80066"
"Rijssen-Holten";"Opgesteld vermogen omvormers";"kW";"69287"
"Rijssen-Holten";"Productie van zonnestroom";"mln kWh";"."
"Rijswijk (ZH.)";"Installaties";"aantal";"7444"
"Rijswijk (ZH.)";"Opgesteld vermogen van zonnepanelen";"kWp";"27084"
"Rijswijk (ZH.)";"Opgesteld vermogen omvormers";"kW";"25026"
"Rijswijk (ZH.)";"Productie van zonnestroom";"mln kWh";"."
"Roerdalen";"Installaties";"aantal";"5627"
"Roerdalen";"Opgesteld vermogen van zonnepanelen";"kWp";"33363"
"Roerdalen";"Opgesteld vermogen omvormers";"kW";"30953"
"Roerdalen";"Productie van zonnestroom";"mln kWh";"."
"Roermond";"Installaties";"aantal";"11753"
"Roermond";"Opgesteld vermogen van zonnepanelen";"kWp";"76256"
"Roermond";"Opgesteld vermogen omvormers";"kW";"67513"
"Roermond";"Productie van zonnestroom";"mln kWh";"."
"De Ronde Venen";"Installaties";"aantal";"10037"
"De Ronde Venen";"Opgesteld vermogen van zonnepanelen";"kWp";"48271"
"De Ronde Venen";"Opgesteld vermogen omvormers";"kW";"43929"
"De Ronde Venen";"Productie van zonnestroom";"mln kWh";"."
"Roosendaal";"Installaties";"aantal";"12613"
"Roosendaal";"Opgesteld vermogen van zonnepanelen";"kWp";"137349"
"Roosendaal";"Opgesteld vermogen omvormers";"kW";"115172"
"Roosendaal";"Productie van zonnestroom";"mln kWh";"."
"Rotterdam";"Installaties";"aantal";"37180"
"Rotterdam";"Opgesteld vermogen van zonnepanelen";"kWp";"314868"
"Rotterdam";"Opgesteld vermogen omvormers";"kW";"250521"
"Rotterdam";"Productie van zonnestroom";"mln kWh";"."
"Rozendaal";"Installaties";"aantal";"407"
"Rozendaal";"Opgesteld vermogen van zonnepanelen";"kWp";"2471"
"Rozendaal";"Opgesteld vermogen omvormers";"kW";"2306"
"Rozendaal";"Productie van zonnestroom";"mln kWh";"."
"Rucphen";"Installaties";"aantal";"4965"
"Rucphen";"Opgesteld vermogen van zonnepanelen";"kWp";"30591"
"Rucphen";"Opgesteld vermogen omvormers";"kW";"27279"
"Rucphen";"Productie van zonnestroom";"mln kWh";"."
"Schagen";"Installaties";"aantal";"10903"
"Schagen";"Opgesteld vermogen van zonnepanelen";"kWp";"119956"
"Schagen";"Opgesteld vermogen omvormers";"kW";"105820"
"Schagen";"Productie van zonnestroom";"mln kWh";"."
"Scherpenzeel";"Installaties";"aantal";"1920"
"Scherpenzeel";"Opgesteld vermogen van zonnepanelen";"kWp";"14459"
"Scherpenzeel";"Opgesteld vermogen omvormers";"kW";"13178"
"Scherpenzeel";"Productie van zonnestroom";"mln kWh";"."
"Schiedam";"Installaties";"aantal";"6144"
"Schiedam";"Opgesteld vermogen van zonnepanelen";"kWp";"30372"
"Schiedam";"Opgesteld vermogen omvormers";"kW";"27914"
"Schiedam";"Productie van zonnestroom";"mln kWh";"."
"Schiermonnikoog";"Installaties";"aantal";"307"
"Schiermonnikoog";"Opgesteld vermogen van zonnepanelen";"kWp";"3160"
"Schiermonnikoog";"Opgesteld vermogen omvormers";"kW";"2943"
"Schiermonnikoog";"Productie van zonnestroom";"mln kWh";"."
"Schouwen-Duiveland";"Installaties";"aantal";"10824"
"Schouwen-Duiveland";"Opgesteld vermogen van zonnepanelen";"kWp";"74187"
"Schouwen-Duiveland";"Opgesteld vermogen omvormers";"kW";"64696"
"Schouwen-Duiveland";"Productie van zonnestroom";"mln kWh";"."
"Simpelveld";"Installaties";"aantal";"2310"
"Simpelveld";"Opgesteld vermogen van zonnepanelen";"kWp";"11851"
"Simpelveld";"Opgesteld vermogen omvormers";"kW";"10977"
"Simpelveld";"Productie van zonnestroom";"mln kWh";"."
"Sint Anthonis";"Installaties";"aantal";""
"Sint Anthonis";"Opgesteld vermogen van zonnepanelen";"kWp";""
"Sint Anthonis";"Opgesteld vermogen omvormers";"kW";""
"Sint Anthonis";"Productie van zonnestroom";"mln kWh";""
"Sint-Michielsgestel";"Installaties";"aantal";"6554"
"Sint-Michielsgestel";"Opgesteld vermogen van zonnepanelen";"kWp";"44624"
"Sint-Michielsgestel";"Opgesteld vermogen omvormers";"kW";"40305"
"Sint-Michielsgestel";"Productie van zonnestroom";"mln kWh";"."
"Sittard-Geleen";"Installaties";"aantal";"18369"
"Sittard-Geleen";"Opgesteld vermogen van zonnepanelen";"kWp";"131116"
"Sittard-Geleen";"Opgesteld vermogen omvormers";"kW";"113448"
"Sittard-Geleen";"Productie van zonnestroom";"mln kWh";"."
"Sliedrecht";"Installaties";"aantal";"3737"
"Sliedrecht";"Opgesteld vermogen van zonnepanelen";"kWp";"23525"
"Sliedrecht";"Opgesteld vermogen omvormers";"kW";"21131"
"Sliedrecht";"Productie van zonnestroom";"mln kWh";"."
"Sluis";"Installaties";"aantal";"6725"
"Sluis";"Opgesteld vermogen van zonnepanelen";"kWp";"51035"
"Sluis";"Opgesteld vermogen omvormers";"kW";"44219"
"Sluis";"Productie van zonnestroom";"mln kWh";"."
"Smallingerland";"Installaties";"aantal";"12085"
"Smallingerland";"Opgesteld vermogen van zonnepanelen";"kWp";"89479"
"Smallingerland";"Opgesteld vermogen omvormers";"kW";"79271"
"Smallingerland";"Productie van zonnestroom";"mln kWh";"."
"Soest";"Installaties";"aantal";"7822"
"Soest";"Opgesteld vermogen van zonnepanelen";"kWp";"42983"
"Soest";"Opgesteld vermogen omvormers";"kW";"38808"
"Soest";"Productie van zonnestroom";"mln kWh";"."
"Someren";"Installaties";"aantal";"5202"
"Someren";"Opgesteld vermogen van zonnepanelen";"kWp";"87485"
"Someren";"Opgesteld vermogen omvormers";"kW";"74936"
"Someren";"Productie van zonnestroom";"mln kWh";"."
"Son en Breugel";"Installaties";"aantal";"4098"
"Son en Breugel";"Opgesteld vermogen van zonnepanelen";"kWp";"40736"
"Son en Breugel";"Opgesteld vermogen omvormers";"kW";"35780"
"Son en Breugel";"Productie van zonnestroom";"mln kWh";"."
"Stadskanaal";"Installaties";"aantal";"6595"
"Stadskanaal";"Opgesteld vermogen van zonnepanelen";"kWp";"191499"
"Stadskanaal";"Opgesteld vermogen omvormers";"kW";"177048"
"Stadskanaal";"Productie van zonnestroom";"mln kWh";"."
"Staphorst";"Installaties";"aantal";"3208"
"Staphorst";"Opgesteld vermogen van zonnepanelen";"kWp";"27638"
"Staphorst";"Opgesteld vermogen omvormers";"kW";"25326"
"Staphorst";"Productie van zonnestroom";"mln kWh";"."
"Stede Broec";"Installaties";"aantal";"4923"
"Stede Broec";"Opgesteld vermogen van zonnepanelen";"kWp";"27847"
"Stede Broec";"Opgesteld vermogen omvormers";"kW";"25552"
"Stede Broec";"Productie van zonnestroom";"mln kWh";"."
"Steenbergen";"Installaties";"aantal";"5228"
"Steenbergen";"Opgesteld vermogen van zonnepanelen";"kWp";"44643"
"Steenbergen";"Opgesteld vermogen omvormers";"kW";"40205"
"Steenbergen";"Productie van zonnestroom";"mln kWh";"."
"Steenwijkerland";"Installaties";"aantal";"9148"
"Steenwijkerland";"Opgesteld vermogen van zonnepanelen";"kWp";"60166"
"Steenwijkerland";"Opgesteld vermogen omvormers";"kW";"54604"
"Steenwijkerland";"Productie van zonnestroom";"mln kWh";"."
"Stein (L.)";"Installaties";"aantal";"6267"
"Stein (L.)";"Opgesteld vermogen van zonnepanelen";"kWp";"33434"
"Stein (L.)";"Opgesteld vermogen omvormers";"kW";"31120"
"Stein (L.)";"Productie van zonnestroom";"mln kWh";"."
"Stichtse Vecht";"Installaties";"aantal";"10749"
"Stichtse Vecht";"Opgesteld vermogen van zonnepanelen";"kWp";"58271"
"Stichtse Vecht";"Opgesteld vermogen omvormers";"kW";"51279"
"Stichtse Vecht";"Productie van zonnestroom";"mln kWh";"."
"Súdwest-Fryslân";"Installaties";"aantal";"19926"
"Súdwest-Fryslân";"Opgesteld vermogen van zonnepanelen";"kWp";"140725"
"Súdwest-Fryslân";"Opgesteld vermogen omvormers";"kW";"128568"
"Súdwest-Fryslân";"Productie van zonnestroom";"mln kWh";"."
"Terneuzen";"Installaties";"aantal";"13409"
"Terneuzen";"Opgesteld vermogen van zonnepanelen";"kWp";"257713"
"Terneuzen";"Opgesteld vermogen omvormers";"kW";"225459"
"Terneuzen";"Productie van zonnestroom";"mln kWh";"."
"Terschelling";"Installaties";"aantal";"1141"
"Terschelling";"Opgesteld vermogen van zonnepanelen";"kWp";"7862"
"Terschelling";"Opgesteld vermogen omvormers";"kW";"7042"
"Terschelling";"Productie van zonnestroom";"mln kWh";"."
"Texel";"Installaties";"aantal";"3469"
"Texel";"Opgesteld vermogen van zonnepanelen";"kWp";"25463"
"Texel";"Opgesteld vermogen omvormers";"kW";"23216"
"Texel";"Productie van zonnestroom";"mln kWh";"."
"Teylingen";"Installaties";"aantal";"7574"
"Teylingen";"Opgesteld vermogen van zonnepanelen";"kWp";"42706"
"Teylingen";"Opgesteld vermogen omvormers";"kW";"40123"
"Teylingen";"Productie van zonnestroom";"mln kWh";"."
"Tholen";"Installaties";"aantal";"6652"
"Tholen";"Opgesteld vermogen van zonnepanelen";"kWp";"63703"
"Tholen";"Opgesteld vermogen omvormers";"kW";"57232"
"Tholen";"Productie van zonnestroom";"mln kWh";"."
"Tiel";"Installaties";"aantal";"7552"
"Tiel";"Opgesteld vermogen van zonnepanelen";"kWp";"52788"
"Tiel";"Opgesteld vermogen omvormers";"kW";"46396"
"Tiel";"Productie van zonnestroom";"mln kWh";"."
"Tilburg";"Installaties";"aantal";"34353"
"Tilburg";"Opgesteld vermogen van zonnepanelen";"kWp";"283972"
"Tilburg";"Opgesteld vermogen omvormers";"kW";"239765"
"Tilburg";"Productie van zonnestroom";"mln kWh";"."
"Tubbergen";"Installaties";"aantal";"4645"
"Tubbergen";"Opgesteld vermogen van zonnepanelen";"kWp";"50962"
"Tubbergen";"Opgesteld vermogen omvormers";"kW";"45017"
"Tubbergen";"Productie van zonnestroom";"mln kWh";"."
"Twenterand";"Installaties";"aantal";"6893"
"Twenterand";"Opgesteld vermogen van zonnepanelen";"kWp";"77257"
"Twenterand";"Opgesteld vermogen omvormers";"kW";"66044"
"Twenterand";"Productie van zonnestroom";"mln kWh";"."
"Tynaarlo";"Installaties";"aantal";"9741"
"Tynaarlo";"Opgesteld vermogen van zonnepanelen";"kWp";"95955"
"Tynaarlo";"Opgesteld vermogen omvormers";"kW";"83493"
"Tynaarlo";"Productie van zonnestroom";"mln kWh";"."
"Tytsjerksteradiel";"Installaties";"aantal";"7970"
"Tytsjerksteradiel";"Opgesteld vermogen van zonnepanelen";"kWp";"58265"
"Tytsjerksteradiel";"Opgesteld vermogen omvormers";"kW";"52228"
"Tytsjerksteradiel";"Productie van zonnestroom";"mln kWh";"."
"Uden";"Installaties";"aantal";""
"Uden";"Opgesteld vermogen van zonnepanelen";"kWp";""
"Uden";"Opgesteld vermogen omvormers";"kW";""
"Uden";"Productie van zonnestroom";"mln kWh";""
"Uitgeest";"Installaties";"aantal";"3511"
"Uitgeest";"Opgesteld vermogen van zonnepanelen";"kWp";"15233"
"Uitgeest";"Opgesteld vermogen omvormers";"kW";"14011"
"Uitgeest";"Productie van zonnestroom";"mln kWh";"."
"Uithoorn";"Installaties";"aantal";"5355"
"Uithoorn";"Opgesteld vermogen van zonnepanelen";"kWp";"33224"
"Uithoorn";"Opgesteld vermogen omvormers";"kW";"30001"
"Uithoorn";"Productie van zonnestroom";"mln kWh";"."
"Urk";"Installaties";"aantal";"3565"
"Urk";"Opgesteld vermogen van zonnepanelen";"kWp";"25875"
"Urk";"Opgesteld vermogen omvormers";"kW";"24705"
"Urk";"Productie van zonnestroom";"mln kWh";"."
"Utrecht (gemeente)";"Installaties";"aantal";"45640"
"Utrecht (gemeente)";"Opgesteld vermogen van zonnepanelen";"kWp";"221846"
"Utrecht (gemeente)";"Opgesteld vermogen omvormers";"kW";"197543"
"Utrecht (gemeente)";"Productie van zonnestroom";"mln kWh";"."
"Utrechtse Heuvelrug";"Installaties";"aantal";"10386"
"Utrechtse Heuvelrug";"Opgesteld vermogen van zonnepanelen";"kWp";"51349"
"Utrechtse Heuvelrug";"Opgesteld vermogen omvormers";"kW";"46394"
"Utrechtse Heuvelrug";"Productie van zonnestroom";"mln kWh";"."
"Vaals";"Installaties";"aantal";"1621"
"Vaals";"Opgesteld vermogen van zonnepanelen";"kWp";"7200"
"Vaals";"Opgesteld vermogen omvormers";"kW";"6792"
"Vaals";"Productie van zonnestroom";"mln kWh";"."
"Valkenburg aan de Geul";"Installaties";"aantal";"3080"
"Valkenburg aan de Geul";"Opgesteld vermogen van zonnepanelen";"kWp";"18846"
"Valkenburg aan de Geul";"Opgesteld vermogen omvormers";"kW";"17251"
"Valkenburg aan de Geul";"Productie van zonnestroom";"mln kWh";"."
"Valkenswaard";"Installaties";"aantal";"6992"
"Valkenswaard";"Opgesteld vermogen van zonnepanelen";"kWp";"44037"
"Valkenswaard";"Opgesteld vermogen omvormers";"kW";"39273"
"Valkenswaard";"Productie van zonnestroom";"mln kWh";"."
"Veendam";"Installaties";"aantal";"6683"
"Veendam";"Opgesteld vermogen van zonnepanelen";"kWp";"71424"
"Veendam";"Opgesteld vermogen omvormers";"kW";"63242"
"Veendam";"Productie van zonnestroom";"mln kWh";"."
"Veenendaal";"Installaties";"aantal";"13333"
"Veenendaal";"Opgesteld vermogen van zonnepanelen";"kWp";"66557"
"Veenendaal";"Opgesteld vermogen omvormers";"kW";"59855"
"Veenendaal";"Productie van zonnestroom";"mln kWh";"."
"Veere";"Installaties";"aantal";"6901"
"Veere";"Opgesteld vermogen van zonnepanelen";"kWp";"42324"
"Veere";"Opgesteld vermogen omvormers";"kW";"39329"
"Veere";"Productie van zonnestroom";"mln kWh";"."
"Veldhoven";"Installaties";"aantal";"9848"
"Veldhoven";"Opgesteld vermogen van zonnepanelen";"kWp";"60545"
"Veldhoven";"Opgesteld vermogen omvormers";"kW";"54521"
"Veldhoven";"Productie van zonnestroom";"mln kWh";"."
"Velsen";"Installaties";"aantal";"8235"
"Velsen";"Opgesteld vermogen van zonnepanelen";"kWp";"46776"
"Velsen";"Opgesteld vermogen omvormers";"kW";"40635"
"Velsen";"Productie van zonnestroom";"mln kWh";"."
"Venlo";"Installaties";"aantal";"22623"
"Venlo";"Opgesteld vermogen van zonnepanelen";"kWp";"278447"
"Venlo";"Opgesteld vermogen omvormers";"kW";"221584"
"Venlo";"Productie van zonnestroom";"mln kWh";"."
"Venray";"Installaties";"aantal";"10725"
"Venray";"Opgesteld vermogen van zonnepanelen";"kWp";"129555"
"Venray";"Opgesteld vermogen omvormers";"kW";"110217"
"Venray";"Productie van zonnestroom";"mln kWh";"."
"Vijfheerenlanden";"Installaties";"aantal";"13980"
"Vijfheerenlanden";"Opgesteld vermogen van zonnepanelen";"kWp";"85601"
"Vijfheerenlanden";"Opgesteld vermogen omvormers";"kW";"76255"
"Vijfheerenlanden";"Productie van zonnestroom";"mln kWh";"."
"Vlaardingen";"Installaties";"aantal";"7233"
"Vlaardingen";"Opgesteld vermogen van zonnepanelen";"kWp";"32791"
"Vlaardingen";"Opgesteld vermogen omvormers";"kW";"29456"
"Vlaardingen";"Productie van zonnestroom";"mln kWh";"."
"Vlieland";"Installaties";"aantal";"387"
"Vlieland";"Opgesteld vermogen van zonnepanelen";"kWp";"3406"
"Vlieland";"Opgesteld vermogen omvormers";"kW";"3056"
"Vlieland";"Productie van zonnestroom";"mln kWh";"."
"Vlissingen";"Installaties";"aantal";"10309"
"Vlissingen";"Opgesteld vermogen van zonnepanelen";"kWp";"85739"
"Vlissingen";"Opgesteld vermogen omvormers";"kW";"76303"
"Vlissingen";"Productie van zonnestroom";"mln kWh";"."
"Voerendaal";"Installaties";"aantal";"2699"
"Voerendaal";"Opgesteld vermogen van zonnepanelen";"kWp";"14617"
"Voerendaal";"Opgesteld vermogen omvormers";"kW";"13538"
"Voerendaal";"Productie van zonnestroom";"mln kWh";"."
"Voorne aan Zee";"Installaties";"aantal";"15163"
"Voorne aan Zee";"Opgesteld vermogen van zonnepanelen";"kWp";"92233"
"Voorne aan Zee";"Opgesteld vermogen omvormers";"kW";"80876"
"Voorne aan Zee";"Productie van zonnestroom";"mln kWh";"."
"Voorschoten";"Installaties";"aantal";"3814"
"Voorschoten";"Opgesteld vermogen van zonnepanelen";"kWp";"16524"
"Voorschoten";"Opgesteld vermogen omvormers";"kW";"15130"
"Voorschoten";"Productie van zonnestroom";"mln kWh";"."
"Voorst";"Installaties";"aantal";"5335"
"Voorst";"Opgesteld vermogen van zonnepanelen";"kWp";"103750"
"Voorst";"Opgesteld vermogen omvormers";"kW";"83891"
"Voorst";"Productie van zonnestroom";"mln kWh";"."
"Vught";"Installaties";"aantal";"5092"
"Vught";"Opgesteld vermogen van zonnepanelen";"kWp";"31694"
"Vught";"Opgesteld vermogen omvormers";"kW";"29252"
"Vught";"Productie van zonnestroom";"mln kWh";"."
"Waadhoeke";"Installaties";"aantal";"10999"
"Waadhoeke";"Opgesteld vermogen van zonnepanelen";"kWp";"84895"
"Waadhoeke";"Opgesteld vermogen omvormers";"kW";"80283"
"Waadhoeke";"Productie van zonnestroom";"mln kWh";"."
"Waalre";"Installaties";"aantal";"3868"
"Waalre";"Opgesteld vermogen van zonnepanelen";"kWp";"22143"
"Waalre";"Opgesteld vermogen omvormers";"kW";"20108"
"Waalre";"Productie van zonnestroom";"mln kWh";"."
"Waalwijk";"Installaties";"aantal";"7792"
"Waalwijk";"Opgesteld vermogen van zonnepanelen";"kWp";"102716"
"Waalwijk";"Opgesteld vermogen omvormers";"kW";"86892"
"Waalwijk";"Productie van zonnestroom";"mln kWh";"."
"Waddinxveen";"Installaties";"aantal";"6293"
"Waddinxveen";"Opgesteld vermogen van zonnepanelen";"kWp";"41842"
"Waddinxveen";"Opgesteld vermogen omvormers";"kW";"36909"
"Waddinxveen";"Productie van zonnestroom";"mln kWh";"."
"Wageningen";"Installaties";"aantal";"6452"
"Wageningen";"Opgesteld vermogen van zonnepanelen";"kWp";"38873"
"Wageningen";"Opgesteld vermogen omvormers";"kW";"36267"
"Wageningen";"Productie van zonnestroom";"mln kWh";"."
"Wassenaar";"Installaties";"aantal";"3479"
"Wassenaar";"Opgesteld vermogen van zonnepanelen";"kWp";"15807"
"Wassenaar";"Opgesteld vermogen omvormers";"kW";"14126"
"Wassenaar";"Productie van zonnestroom";"mln kWh";"."
"Waterland";"Installaties";"aantal";"2899"
"Waterland";"Opgesteld vermogen van zonnepanelen";"kWp";"14089"
"Waterland";"Opgesteld vermogen omvormers";"kW";"12785"
"Waterland";"Productie van zonnestroom";"mln kWh";"."
"Weert";"Installaties";"aantal";"10654"
"Weert";"Opgesteld vermogen van zonnepanelen";"kWp";"110698"
"Weert";"Opgesteld vermogen omvormers";"kW";"95232"
"Weert";"Productie van zonnestroom";"mln kWh";"."
"Weesp";"Installaties";"aantal";""
"Weesp";"Opgesteld vermogen van zonnepanelen";"kWp";""
"Weesp";"Opgesteld vermogen omvormers";"kW";""
"Weesp";"Productie van zonnestroom";"mln kWh";""
"West Betuwe";"Installaties";"aantal";"12182"
"West Betuwe";"Opgesteld vermogen van zonnepanelen";"kWp";"118474"
"West Betuwe";"Opgesteld vermogen omvormers";"kW";"106454"
"West Betuwe";"Productie van zonnestroom";"mln kWh";"."
"West Maas en Waal";"Installaties";"aantal";"5430"
"West Maas en Waal";"Opgesteld vermogen van zonnepanelen";"kWp";"48538"
"West Maas en Waal";"Opgesteld vermogen omvormers";"kW";"44277"
"West Maas en Waal";"Productie van zonnestroom";"mln kWh";"."
"Westerkwartier";"Installaties";"aantal";"16594"
"Westerkwartier";"Opgesteld vermogen van zonnepanelen";"kWp";"156916"
"Westerkwartier";"Opgesteld vermogen omvormers";"kW";"140281"
"Westerkwartier";"Productie van zonnestroom";"mln kWh";"."
"Westerveld";"Installaties";"aantal";"5393"
"Westerveld";"Opgesteld vermogen van zonnepanelen";"kWp";"32833"
"Westerveld";"Opgesteld vermogen omvormers";"kW";"30158"
"Westerveld";"Productie van zonnestroom";"mln kWh";"."
"Westervoort";"Installaties";"aantal";"2784"
"Westervoort";"Opgesteld vermogen van zonnepanelen";"kWp";"12361"
"Westervoort";"Opgesteld vermogen omvormers";"kW";"11585"
"Westervoort";"Productie van zonnestroom";"mln kWh";"."
"Westerwolde";"Installaties";"aantal";"5155"
"Westerwolde";"Opgesteld vermogen van zonnepanelen";"kWp";"232601"
"Westerwolde";"Opgesteld vermogen omvormers";"kW";"185702"
"Westerwolde";"Productie van zonnestroom";"mln kWh";"."
"Westland";"Installaties";"aantal";"23052"
"Westland";"Opgesteld vermogen van zonnepanelen";"kWp";"166521"
"Westland";"Opgesteld vermogen omvormers";"kW";"146076"
"Westland";"Productie van zonnestroom";"mln kWh";"."
"Weststellingwerf";"Installaties";"aantal";"7612"
"Weststellingwerf";"Opgesteld vermogen van zonnepanelen";"kWp";"68304"
"Weststellingwerf";"Opgesteld vermogen omvormers";"kW";"61295"
"Weststellingwerf";"Productie van zonnestroom";"mln kWh";"."
"Westvoorne";"Installaties";"aantal";""
"Westvoorne";"Opgesteld vermogen van zonnepanelen";"kWp";""
"Westvoorne";"Opgesteld vermogen omvormers";"kW";""
"Westvoorne";"Productie van zonnestroom";"mln kWh";""
"Wierden";"Installaties";"aantal";"5828"
"Wierden";"Opgesteld vermogen van zonnepanelen";"kWp";"54393"
"Wierden";"Opgesteld vermogen omvormers";"kW";"49495"
"Wierden";"Productie van zonnestroom";"mln kWh";"."
"Wijchen";"Installaties";"aantal";"8281"
"Wijchen";"Opgesteld vermogen van zonnepanelen";"kWp";"74443"
"Wijchen";"Opgesteld vermogen omvormers";"kW";"63169"
"Wijchen";"Productie van zonnestroom";"mln kWh";"."
"Wijdemeren";"Installaties";"aantal";"4173"
"Wijdemeren";"Opgesteld vermogen van zonnepanelen";"kWp";"31373"
"Wijdemeren";"Opgesteld vermogen omvormers";"kW";"27115"
"Wijdemeren";"Productie van zonnestroom";"mln kWh";"."
"Wijk bij Duurstede";"Installaties";"aantal";"5240"
"Wijk bij Duurstede";"Opgesteld vermogen van zonnepanelen";"kWp";"63355"
"Wijk bij Duurstede";"Opgesteld vermogen omvormers";"kW";"50608"
"Wijk bij Duurstede";"Productie van zonnestroom";"mln kWh";"."
"Winterswijk";"Installaties";"aantal";"5903"
"Winterswijk";"Opgesteld vermogen van zonnepanelen";"kWp";"41890"
"Winterswijk";"Opgesteld vermogen omvormers";"kW";"38434"
"Winterswijk";"Productie van zonnestroom";"mln kWh";"."
"Woensdrecht";"Installaties";"aantal";"4311"
"Woensdrecht";"Opgesteld vermogen van zonnepanelen";"kWp";"37389"
"Woensdrecht";"Opgesteld vermogen omvormers";"kW";"32369"
"Woensdrecht";"Productie van zonnestroom";"mln kWh";"."
"Woerden";"Installaties";"aantal";"10235"
"Woerden";"Opgesteld vermogen van zonnepanelen";"kWp";"61147"
"Woerden";"Opgesteld vermogen omvormers";"kW";"55089"
"Woerden";"Productie van zonnestroom";"mln kWh";"."
"De Wolden";"Installaties";"aantal";"6427"
"De Wolden";"Opgesteld vermogen van zonnepanelen";"kWp";"44864"
"De Wolden";"Opgesteld vermogen omvormers";"kW";"40280"
"De Wolden";"Productie van zonnestroom";"mln kWh";"."
"Wormerland";"Installaties";"aantal";"3432"
"Wormerland";"Opgesteld vermogen van zonnepanelen";"kWp";"17794"
"Wormerland";"Opgesteld vermogen omvormers";"kW";"16204"
"Wormerland";"Productie van zonnestroom";"mln kWh";"."
"Woudenberg";"Installaties";"aantal";"3157"
"Woudenberg";"Opgesteld vermogen van zonnepanelen";"kWp";"19844"
"Woudenberg";"Opgesteld vermogen omvormers";"kW";"17552"
"Woudenberg";"Productie van zonnestroom";"mln kWh";"."
"Zaanstad";"Installaties";"aantal";"19928"
"Zaanstad";"Opgesteld vermogen van zonnepanelen";"kWp";"116637"
"Zaanstad";"Opgesteld vermogen omvormers";"kW";"103220"
"Zaanstad";"Productie van zonnestroom";"mln kWh";"."
"Zaltbommel";"Installaties";"aantal";"6465"
"Zaltbommel";"Opgesteld vermogen van zonnepanelen";"kWp";"67807"
"Zaltbommel";"Opgesteld vermogen omvormers";"kW";"59257"
"Zaltbommel";"Productie van zonnestroom";"mln kWh";"."
"Zandvoort";"Installaties";"aantal";"1395"
"Zandvoort";"Opgesteld vermogen van zonnepanelen";"kWp";"6034"
"Zandvoort";"Opgesteld vermogen omvormers";"kW";"5523"
"Zandvoort";"Productie van zonnestroom";"mln kWh";"."
"Zeewolde";"Installaties";"aantal";"5688"
"Zeewolde";"Opgesteld vermogen van zonnepanelen";"kWp";"118455"
"Zeewolde";"Opgesteld vermogen omvormers";"kW";"102391"
"Zeewolde";"Productie van zonnestroom";"mln kWh";"."
"Zeist";"Installaties";"aantal";"9959"
"Zeist";"Opgesteld vermogen van zonnepanelen";"kWp";"47963"
"Zeist";"Opgesteld vermogen omvormers";"kW";"43306"
"Zeist";"Productie van zonnestroom";"mln kWh";"."
"Zevenaar";"Installaties";"aantal";"9252"
"Zevenaar";"Opgesteld vermogen van zonnepanelen";"kWp";"82872"
"Zevenaar";"Opgesteld vermogen omvormers";"kW";"70075"
"Zevenaar";"Productie van zonnestroom";"mln kWh";"."
"Zoetermeer";"Installaties";"aantal";"17809"
"Zoetermeer";"Opgesteld vermogen van zonnepanelen";"kWp";"80020"
"Zoetermeer";"Opgesteld vermogen omvormers";"kW";"72675"
"Zoetermeer";"Productie van zonnestroom";"mln kWh";"."
"Zoeterwoude";"Installaties";"aantal";"1961"
"Zoeterwoude";"Opgesteld vermogen van zonnepanelen";"kWp";"19099"
"Zoeterwoude";"Opgesteld vermogen omvormers";"kW";"16754"
"Zoeterwoude";"Productie van zonnestroom";"mln kWh";"."
"Zuidplas";"Installaties";"aantal";"9254"
"Zuidplas";"Opgesteld vermogen van zonnepanelen";"kWp";"72952"
"Zuidplas";"Opgesteld vermogen omvormers";"kW";"64723"
"Zuidplas";"Productie van zonnestroom";"mln kWh";"."
"Zundert";"Installaties";"aantal";"4548"
"Zundert";"Opgesteld vermogen van zonnepanelen";"kWp";"45963"
"Zundert";"Opgesteld vermogen omvormers";"kW";"39621"
"Zundert";"Productie van zonnestroom";"mln kWh";"."
"Zutphen";"Installaties";"aantal";"8238"
"Zutphen";"Opgesteld vermogen van zonnepanelen";"kWp";"62270"
"Zutphen";"Opgesteld vermogen omvormers";"kW";"55888"
"Zutphen";"Productie van zonnestroom";"mln kWh";"."
"Zwartewaterland";"Installaties";"aantal";"4620"
"Zwartewaterland";"Opgesteld vermogen van zonnepanelen";"kWp";"41483"
"Zwartewaterland";"Opgesteld vermogen omvormers";"kW";"37664"
"Zwartewaterland";"Productie van zonnestroom";"mln kWh";"."
"Zwijndrecht";"Installaties";"aantal";"6638"
"Zwijndrecht";"Opgesteld vermogen van zonnepanelen";"kWp";"105131"
"Zwijndrecht";"Opgesteld vermogen omvormers";"kW";"100421"
"Zwijndrecht";"Productie van zonnestroom";"mln kWh";"."
"Zwolle";"Installaties";"aantal";"25337"
"Zwolle";"Opgesteld vermogen van zonnepanelen";"kWp";"203609"
"Zwolle";"Opgesteld vermogen omvormers";"kW";"177869"
"Zwolle";"Productie van zonnestroom";"mln kWh";"."
"Gemeenten; niet in te delen";"Installaties";"aantal";"533"
"Gemeenten; niet in te delen";"Opgesteld vermogen van zonnepanelen";"kWp";"175854"
"Gemeenten; niet in te delen";"Opgesteld vermogen omvormers";"kW";"140124"
"Gemeenten; niet in te delen";"Productie van zonnestroom";"mln kWh";"28"
"Bron: CBS"
